X,Y,OBJECTID,REF_ID,NAME,ADDRESS,CITY,STATE,ZIP,ZIP4,TELEPHONE,TYPE,STATUS,POPULATION,COUNTY,COUNTYFIPS,COUNTRY,LATITUDE,LONGITUDE,NAICS_CODE,NAICS_DESC,SOURCE,SOURCEDATE,VAL_METHOD,VAL_DATE,WEBSITE,OWNER,OPERNAME,RMP_ID,EPA_ID,POSREL,CAPACITY,US_RANK,CRUDE,VACDIST,COKING,THERMALOP,CATCRACK,CATREFORM,CATHYDCRCK,CATHYDTRT,ALKY,POLDIM,AROMATIC,ISOMER,LUBES,OXYGENATES,HYDRGN,COKE,SULFUR,ASPHALT
-84.6095099999999,37.07113,1,REF210002,SOMERSET,300 REFINERY ROAD,SOMERSET,KY,42501,2974,(606) 679-6301,VERY SMALL REFINERY,IN SERVICE,34,PULASKI,21199,USA,37.07113,-84.60951,324110,PETROLEUM REFINERIES,"EIA-820; EPA ENVIROFACTS",2017/01/01 00:00:00+00,IMAGERY/OTHER,2018/01/31 00:00:00+00,http://www.continentalrefiningco.com,CONTINENTAL REFINING CO LLC,CONTINENTAL REFINING COMPANY LLC,20583,100000167277,WITHIN 166 FEET,5500,134,5500,0,0,0,0,1000,0,2300,0,0,0,0,0,0,0,0,0,0
-111.91,40.86776,2,REF490003,WOODS CROSS,2355 SOUTH 1100 WEST,WOODS CROSS,UT,84087,NOT AVAILABLE,(801) 298-3211,VERY SMALL SIMPLE REFINERY,IN SERVICE,45,DAVIS,49011,USA,40.86776,-111.91,324110,PETROLEUM REFINERIES,"EIA-820; EPA TRI",2017/01/01 00:00:00+00,IMAGERY/OTHER,2018/01/31 00:00:00+00,http://silvereagleenergy.com,SILVER EAGLE REFINING INC,SILVER EAGLE REFINING,33515,100000180699,WITHIN 166 FEET,15000,122,15000,7000,0,0,0,0,0,4000,0,0,0,0,0,0,0,0,0,0
-104.94518,39.80175,3,REF080004,COMMERCE CITY EAST,5801 BRIGHTON BLVD,COMMERCE CITY,CO,80022,NOT AVAILABLE,(303) 286-5788,SMALL SIMPLE REFINERY,IN SERVICE,420,ADAMS,08001,USA,39.80175,-104.94518,324110,PETROLEUM REFINERIES,"EIA-820; EPA TRI",2017/01/01 00:00:00+00,IMAGERY/OTHER,2018/01/31 00:00:00+00,http://www.suncor.com,SUNCOR ENERGY INC,SUNCOR ENERGY (USA) INC,38031,100000119347,WITHIN 166 FEET,36000,107,36000,8500,0,0,9000,10000,0,11000,0,0,0,1970,0,0,0,0,2,0
-98.46019,29.3475700000001,4,REF480005,SAN ANTONIO,7811 S PRESA STREET,SAN ANTONIO,TX,78223,3547,(210) 918-7414,SMALL LUBRICANTS REFINERY,IN SERVICE,50,BEXAR,48029,USA,29.34757,-98.46019,324110,PETROLEUM REFINERIES,"EIA-820; EPA TRI",2017/01/01 00:00:00+00,IMAGERY/OTHER,2018/01/31 00:00:00+00,http://www.calumetspecialty.com,"CALUMET SPECIALTY PRODUCTS PARTNERS, L.P.",CALUMET LUBRICANTS CO,50434,100000200846,WITHIN 166 FEET,20000,117,20000,0,0,0,0,5600,0,14000,0,0,0,0,0,0,0,0,0,0
-75.25681,39.84038,5,REF340007,PAULSBORO,800 BILLINGSPORT ROAD,PAULSBORO,NJ,08027,1036,(856) 224-4354,LARGE HIGHLY COMPLEX REFINERY,IN SERVICE,427,GLOUCESTER,34015,USA,39.84038,-75.25681,324110,PETROLEUM REFINERIES,"EIA-820; EPA TRI",2017/01/01 00:00:00+00,IMAGERY/OTHER,2018/01/31 00:00:00+00,http://www.pbfenergy.com,PBF ENERGY CO LLC,PAULSBORO REFINING CO LLC,51876,100000056734,WITHIN 166 FEET,160000,44,160000,90000,26500,0,54000,28500,0,144100,11200,0,0,0,12000,0,9,7500,280,21000
-94.90828,29.3676300000001,6,REF480008,TEXAS CITY,1301 LOOP 197 SOUTH,TEXAS CITY,TX,77590,NOT AVAILABLE,(409) 948-7296,LARGE COMPLEX REFINERY,IN SERVICE,509,GALVESTON,48167,USA,29.36763,-94.90828,324110,PETROLEUM REFINERIES,"EIA-820; EPA TRI",2017/01/01 00:00:00+00,IMAGERY/OTHER,2018/01/31 00:00:00+00,http://www.valero.com,VALERO ENERGY CORP,VALERO REFINING CO TEXAS LP,51895,100000107886,WITHIN 166 FEET,225000,32,225000,133500,50825,0,81700,17195,0,286000,14700,0,0,6500,0,0,0,19000,680,0
-94.90798,29.3754200000001,7,REF480009,TEXAS CITY,502 10TH STREET SOUTH,TEXAS CITY,TX,77590,NOT AVAILABLE,(409) 943-7270,SMALL MEDIUM COMPLEXITY REFINERY THAT PROCESSES SWEET CRUDE,IN SERVICE,276,GALVESTON,48167,USA,29.37542,-94.90798,324110,PETROLEUM REFINERIES,"EIA-820; EPA TRI",2017/01/01 00:00:00+00,IMAGERY/OTHER,2018/01/31 00:00:00+00,https://www.marathonpetroleum.com,MARATHON PETROLEUM CORP,MARATHON PETROLEUM CO LP,52497,100000059214,WITHIN 166 FEET,86000,73,86000,0,0,0,55600,10500,0,0,14500,0,2900,0,0,0,0,0,40,0
-95.01026,29.74285,8,REF480010,BAYTOWN,2800 DECKER DR/4500 BAYWAY DRIVE,BAYTOWN,TX,77520,2127,(281) 834-7342,VERY LARGE AND HIGHLY COMPLEX REFINERY,IN SERVICE,1307,HARRIS,48201,USA,29.74285,-95.01026,324110,PETROLEUM REFINERIES,"EIA-820; EPA TRI",2017/01/01 00:00:00+00,IMAGERY/OTHER,2018/01/31 00:00:00+00,http://www.exxonmobilchemical.com,EXXON MOBIL CORP,EXXONMOBIL REFINING & SUPPLY CO,52558,100000062905,WITHIN 166 FEET,560500,2,560500,297000,91300,0,212500,120000,26500,794000,41000,0,0,0,28000,0,0,22750,1828,0
-89.96916,29.9335800000001,9,REF220011,CHALMETTE,500 WEST ST. BERNARD HWY,CHALMETTE,LA,70043,NOT AVAILABLE,(504) 281-1409,LARGE COMPLEX REFINERY,IN SERVICE,625,ST. BERNARD,22087,USA,29.93358,-89.96916,324110,PETROLEUM REFINERIES,"EIA-820; EPA TRI",2017/01/01 00:00:00+00,IMAGERY/OTHER,2018/01/31 00:00:00+00,http://corporate.exxonmobil.com,PBF ENERGY CO LLC,CHALMETTE REFINING LLC,52710,100000093515,WITHIN 166 FEET,190000,37,190000,169000,26000,0,68000,19000,0,188600,16800,0,10500,0,0,0,0,9000,920,10000
-83.45156,41.67947,10,REF390012,TOLEDO,4001 CEDAR POINT ROAD,OREGON,OH,43616,NOT AVAILABLE,(419) 226-1475,MEDIUM COMPLEX REFINERY,IN SERVICE,465,LUCAS,39095,USA,41.67947,-83.45156,324110,PETROLEUM REFINERIES,"EIA-820; EPA TRI",2017/01/01 00:00:00+00,IMAGERY/OTHER,2018/01/31 00:00:00+00,http://www.huskyenergy.com,BP HUSKY REFINING LLC,BP-HUSKY REFINING LLC,53062,100000088683,WITHIN 166 FEET,153000,48,153000,71500,32300,0,52400,40500,28600,113000,11500,0,0,0,0,0,0,10000,353,9000
-98.18771,28.45728,11,REF480013,THREE RIVERS,301 LEROY STREET,THREE RIVERS,TX,78071,0490,(361) 786-8242,MEDIUM SIZED MEDIUM COMPLEXITY REFINERY,IN SERVICE,302,LIVE OAK,48297,USA,28.45728,-98.18771,324110,PETROLEUM REFINERIES,"EIA-820; EPA TRI",2017/01/01 00:00:00+00,IMAGERY/OTHER,2018/01/31 00:00:00+00,http://www.valero.com,VALERO ENERGY CORP,VALERO ENERGY CORPORATION,53371,100000093445,WITHIN 166 FEET,89000,71,89000,33500,0,0,23030,32757,27440,79000,6500,0,10800,6000,1900,0,0,0,134,0
-95.2535999999999,29.7218100000001,12,REF480014,HOUSTON,9701 MANCHESTER,HOUSTON,TX,77012,NOT AVAILABLE,(713) 923-3378,LARGE COMPLEX REFINERY,IN SERVICE,340,HARRIS,48201,USA,29.72181,-95.2536,324110,PETROLEUM REFINERIES,"EIA-820; EPA TRI",2017/01/01 00:00:00+00,IMAGERY/OTHER,2018/01/31 00:00:00+00,http://www.valero.com,VALERO ENERGY CORP,VALERO REFINING CO TEXAS LP,54001,100000084605,WITHIN 166 FEET,191000,36,191000,38000,0,0,68300,0,64400,57600,11900,0,0,0,0,0,0,0,336,0
-107.10722,41.7821200000001,13,REF560015,SINCLAIR,100 E LINCOLN AVENUE (EAST LINCOLN HIGHWAY),SINCLAIR,WY,82334,NOT AVAILABLE,(307) 328-3548,MEDIUM COMPLEX REFINERY,IN SERVICE,332,CARBON,56007,USA,41.78212,-107.10722,324110,PETROLEUM REFINERIES,"EIA-820; EPA TRI",2017/01/01 00:00:00+00,IMAGERY/OTHER,2018/01/31 00:00:00+00,http://www.sinclairoil.com,SINCLAIR OIL CORP,SINCLAIR WYOMING REFINING CO,54048,100000116867,WITHIN 166 FEET,85000,76,85000,41000,18000,0,20600,12600,15000,72000,4500,0,0,0,0,0,52,7000,207,8000
-95.2797,32.36172,14,REF480016,TYLER,1702 E COMMERCE STREET,TYLER,TX,75702,NOT AVAILABLE,(903) 579-3404,MEDIUM SIZED MEDIUM COMPLEXITY REFINERY,IN SERVICE,254,SMITH,48423,USA,32.36172,-95.2797,324110,PETROLEUM REFINERIES,"EIA-820; EPA TRI",2017/01/01 00:00:00+00,IMAGERY/OTHER,2018/01/31 00:00:00+00,http://www.delekus.com,DELEK GROUP LTD,DELEK REFINING LTD,54266,100000077025,WITHIN 166 FEET,72000,86,72000,28000,6000,0,19000,17000,0,77000,4700,0,0,0,0,0,0,1500,39,0
-122.11327,38.0184400000001,15,REF060017,MARTINEZ,3485 PACHECO BLVD,MARTINEZ,CA,94553,NOT AVAILABLE,(925) 313-3462,LARGE HIGHLY COMPLEX REFINERY,IN SERVICE,774,CONTRA COSTA,06013,USA,38.01844,-122.11327,324110,PETROLEUM REFINERIES,"EIA-820; EPA TRI",2017/01/01 00:00:00+00,IMAGERY/OTHER,2018/01/31 00:00:00+00,http://www.shell.us,ROYAL DUTCH/SHELL GROUP,SHELL OIL PRODUCTS US,54849,100000098164,WITHIN 166 FEET,156400,47,156400,102000,45200,0,67400,29800,39600,268000,12500,0,0,15000,0,0,193,9000,413,0
-101.88038,35.9552800000001,16,REF480018,SUNRAY,6701 FM 119,SUNRAY,TX,79029,NOT AVAILABLE,(806) 935-1354,MEDIUM COMPLEX REFINERY,IN SERVICE,435,MOORE,48341,USA,35.95528,-101.88038,324110,PETROLEUM REFINERIES,"EIA-820; EPA TRI",2017/01/01 00:00:00+00,IMAGERY/OTHER,2018/01/31 00:00:00+00,http://www.valero.com,VALERO ENERGY CORP,VALERO ENERGY CORPORATION,55630,100000147913,WITHIN 166 FEET,195000,35,195000,50000,0,0,52500,45500,25500,130100,9800,0,0,6000,0,0,30,0,75,12000
-95.20804,29.7231,17,REF480019,PASADENA,111 RED BLUFF ROAD,PASADENA,TX,77506,1530,(713) 920-4152,MEDIUM SIZED COMPLEX REFINERY WITH A HIGH GASOLINE YIELD,IN SERVICE,345,HARRIS,48201,USA,29.7231,-95.20804,324110,PETROLEUM REFINERIES,"EIA-820; EPA TRI",2017/01/01 00:00:00+00,IMAGERY/OTHER,2018/01/31 00:00:00+00,http://www.petrobras.com,PETROBRAS AMERICA INC,PASADENA REFINING SYSTEMS INC,55654,100000038274,WITHIN 166 FEET,112229,61,112229,38000,0,0,50440,21340,0,78000,12500,0,0,0,0,0,0,0,28,0
-93.330235178,30.1786669700001,18,REF220020,LAKE CHARLES,1601 HWY 108 E,SULPHUR,LA,70665,NOT AVAILABLE,(337) 708-8431,MODERN DEEP-CONVERSION FACILITY,IN SERVICE,1183,CALCASIEU,22019,USA,30.1786669700001,-93.330235178,324110,PETROLEUM REFINERIES,"EIA-820; EPA TRI",2017/01/01 00:00:00+00,IMAGERY/OTHER,2018/01/31 00:00:00+00,http://citgorefining.com,PDV AMERICA INC,CITGO PETROLEUM CORP,55717,100000140199,WITHIN 166 FEET,425000,6,425000,230000,85410,0,143000,103035,46000,398200,26400,0,20900,28000,0,0,0,32820,717,0
-122.25522,38.0445700000001,19,REF060021,RODEO (SAN FRANCISCO),1380 SAN PABLO AVENUE,RODEO,CA,94572,NOT AVAILABLE,(510) 245-4400,MEDIUM COMPLEX REFINERY,IN SERVICE,445,CONTRA COSTA,06013,USA,38.04457,-122.25522,324110,PETROLEUM REFINERIES,"EIA-820; EPA TRI",2017/01/01 00:00:00+00,IMAGERY/OTHER,2018/01/31 00:00:00+00,http://www.phillips66.com,PHILLIPS 66 COMPANY,PHILLIPS 66 COMPANY,55938,100000145238,WITHIN 166 FEET,120200,58,120200,93200,47000,0,0,31000,59000,62500,0,0,0,17600,0,0,22,14500,560,0
-96.02106,36.1389,20,REF400022,TULSA WEST,1700 S UNION AVE,TULSA,OK,74107,2810,(918) 594-6284,MEDIUM SIZED MEDIUM COMPLEXITY REFINERY,IN SERVICE,285,TULSA,40143,USA,36.1389,-96.02106,324110,PETROLEUM REFINERIES,"EIA-820; EPA TRI",2017/01/01 00:00:00+00,IMAGERY/OTHER,2018/01/31 00:00:00+00,http://www.hollyfrontier.com,HOLLYFRONTIER CORP,HOLLYFRONTIER TULSA REFINING LLC,55955,100000146567,WITHIN 1 MILE,85000,75,85000,32000,8800,0,0,0,0,49600,0,0,0,1800,9100,0,0,2750,0,6500
-118.14659,33.89872,21,REF060023,PARAMOUNT,14700 DOWNEY AVENUE,PARAMOUNT,CA,90723,NOT AVAILABLE,(562) 531-2060,SMALL LOW COMPLEXITY REFINERY,IN SERVICE,155,LOS ANGELES,06037,USA,33.89872,-118.14659,324110,PETROLEUM REFINERIES,"EIA-820; EPA TRI",2017/01/01 00:00:00+00,IMAGERY/OTHER,2018/01/31 00:00:00+00,http://www.ppcla.com,ALON ISRAEL OIL COMPANY LTD,PARAMOUNT PETROLEUM CORPORATION,55991,100000080173,WITHIN 166 FEET,84500,77,0,30000,0,0,0,11500,0,36500,0,0,0,0,0,0,0,0,40,16500
-96.0007199999999,36.11992,22,REF400024,TULSA EAST,902 W 25TH STREET,TULSA,OK,74107,2810,(918) 594-6284,LARGE COMPLEX REFINERY,IN SERVICE,409,TULSA,40143,USA,36.11992,-96.00072,324110,PETROLEUM REFINERIES,"EIA-820; EPA TRI",2017/01/01 00:00:00+00,IMAGERY/OTHER,2018/01/31 00:00:00+00,https://www.hollyfrontier.com,HOLLYFRONTIER CORP,HOLLYFRONTIER TULSA REFINING LLC,1000000095,100000033064,WITHIN 1 MILE,70300,87,0,27000,0,0,23100,21000,0,96000,5500,0,0,13000,0,0,0,0,75,15200
-87.9108199999999,37.9421600000001,23,REF180026,MOUNT VERNON,1200 REFINERY ROAD,MOUNT VERNON,IN,47620,NOT AVAILABLE,(812) 838-8133,MEDIUM SIZED COMPLEX REFINERY,IN SERVICE,190,POSEY,18129,USA,37.94216,-87.91082,324110,PETROLEUM REFINERIES,"EIA-820; EPA TRI",2017/01/01 00:00:00+00,IMAGERY/OTHER,2018/01/31 00:00:00+00,http://www.countrymark.com,COUNTRYMARK COOP INC,COUNTRYMARK COOPERATIVE INC,1000000546,100000106501,WITHIN 166 FEET,28200,110,28200,14000,0,0,8200,5800,0,29000,2200,0,0,3200,0,0,0,0,9,3700
-80.6296599999999,40.61127,24,REF540027,NEWELL,9995 OHIO RIVER BOULEVARD,NEWELL,WV,26050,NOT AVAILABLE,(304) 387-4343,SMALL MEDIUM COMPLEXITY REFINERY,IN SERVICE,180,HANCOCK,54029,USA,40.61127,-80.62966,324110,PETROLEUM REFINERIES,"EIA-820; EPA TRI",2017/01/01 00:00:00+00,IMAGERY/OTHER,2018/01/31 00:00:00+00,http://www.ergon.com/,ERGON INC,ERGON WEST VIRGINIA INC,1000000775,100000165019,WITHIN 166 FEET,22300,116,22300,8600,0,0,0,4500,0,24100,0,0,0,0,5100,0,3,0,1,700
-93.2847599999999,30.24224,25,REF220028,WESTLAKE,2800 OLD SPANISH TRAIL,WESTLAKE,LA,70669,5124,(337) 491-4992,MEDIUM LUBRICANTS REFINERY,IN SERVICE,98,CALCASIEU,22019,USA,30.24224,-93.28476,324110,PETROLEUM REFINERIES,"EIA-820; EPA ENVIROFACTS",2017/01/01 00:00:00+00,IMAGERY/OTHER,2018/01/31 00:00:00+00,http://www.fhr.com,EXCEL PARALUBES,EXCEL PARALUBES,1000001103,100000040387,WITHIN 166 FEET,0,139,0,0,0,0,0,0,41592,0,0,0,0,0,30000,0,0,0,185,0
-93.2702199999999,30.24116,26,REF220029,WESTLAKE,2200 OLD SPANISH TRAIL,WESTLAKE,LA,70669,NOT AVAILABLE,(337) 491-4443,LARGE MEDIUM COMPLEXITY REFINERY,IN SERVICE,705,CALCASIEU,22019,USA,30.24116,-93.27022,324110,PETROLEUM REFINERIES,"EIA-820; EPA TRI",2017/01/01 00:00:00+00,IMAGERY/OTHER,2018/01/31 00:00:00+00,http://www.phillips66.com,PHILLIPS 66 COMPANY,PHILLIPS 66 COMPANY,1000001105,100000039157,WITHIN 166 FEET,260000,21,260000,132000,52500,0,45200,37900,0,229000,6000,0,0,0,0,0,0,22500,440,2500
-93.00051,44.8515600000001,27,REF270030,SAINT PAUL PARK,301 ST PAUL PARK RD,SAINT PAUL PARK,MN,55071,NOT AVAILABLE,(651) 458-2694,MEDIUM REFINERY WITH HIGH COMPLEXITY,IN SERVICE,370,WASHINGTON,27163,USA,44.85156,-93.00051,324110,PETROLEUM REFINERIES,"EIA-820; EPA TRI",2020/06/19 00:00:00+00,IMAGERY/OTHER,2020/06/19 00:00:00+00,https://www.marathonpetroleum.com,MARATHON PETROLEUM CORP,MARATHON PETROLEUM CO LP,1000001449,100000079522,WITHIN 166 FEET,102000,63,98515,50600,0,0,31475,23655,0,112530,6650,0,0,11500,0,0,10,0,122,13400
-78.6346599999999,41.9648700000001,28,REF420031,BRADFORD,77 N KENDALL AVE,BRADFORD,PA,16701,NOT AVAILABLE,(814) 368-1283,VERY SMALL REFINERY,IN SERVICE,250,MCKEAN,42083,USA,41.96487,-78.63466,324110,PETROLEUM REFINERIES,"EIA-820; EPA TRI",2017/01/01 00:00:00+00,IMAGERY/OTHER,2018/01/31 00:00:00+00,http://www.amref.com,AMERICAN REFINING GROUP INC,AMERICAN REFINING GROUP INC,1000002722,100000140563,WITHIN 166 FEET,11000,127,11000,0,0,0,0,1800,0,3600,0,0,0,0,2945,0,0,0,0,65
-110.80691,41.2603500000001,29,REF560032,EVANSTON,2990 COUNTY ROAD 180,EVANSTON,WY,82930,NOT AVAILABLE,(801) 298-3211,VERY SMALL SIMPLE REFINERY,IN SERVICE,26,UINTA,56041,USA,41.26035,-110.80691,324110,PETROLEUM REFINERIES,"EIA-820; EPA TRI",2017/01/01 00:00:00+00,IMAGERY/OTHER,2018/01/31 00:00:00+00,http://silvereagleenergy.com,SILVER EAGLE REFINING INC,SILVER EAGLE REFINING,1000002815,100000065555,WITHIN 166 FEET,3000,136,3000,0,0,0,0,2650,0,3900,0,0,0,0,0,0,0,0,0,0
-158.09246,21.3037800000001,30,REF150033,EWA BEACH,91-325 KOMOHANA STREET,KAPOLEI,HI,96707,1713,(808) 265-9690,MEDIUM COMPLEX REFINERY,IN SERVICE,260,HONOLULU,15003,USA,21.30378,-158.09246,324110,PETROLEUM REFINERIES,"EIA-820; EPA TRI",2017/01/01 00:00:00+00,IMAGERY/OTHER,2018/01/31 00:00:00+00,http://www.hawaiiindependentenergy.com,PAR PETROLEUM INC,HAWAII INDEPENDENT ENERGY LLC,1000003052,100000034107,WITHIN 166 FEET,93500,68,93500,40000,0,11000,0,13100,19000,13000,0,0,0,0,0,0,18,0,38,0
-118.23297,33.79637,31,REF060034,LOS ANGELES (WILMINGTON PLANT),2101 E PACIFIC COAST HIGHWAY,WILMINGTON,CA,90744,NOT AVAILABLE,(310) 522-6148,MEDIUM SIZED COMPLEX REFINERY,IN SERVICE,520,LOS ANGELES,06037,USA,33.79637,-118.23297,324110,PETROLEUM REFINERIES,"EIA-820; EPA TRI",2020/06/18 00:00:00+00,IMAGERY/OTHER,2020/06/18 00:00:00+00,https://www.marathonpetroleum.com,MARATHON PETROLEUM CORP,MARATHON PETROLEUM CO LP,1000003758,100000098681,WITHIN 166 FEET,94900,67,94900,65000,27200,0,30700,24800,27500,131000,12500,0,0,15600,0,0,15,12000,280,0
-111.92062,40.8386400000001,32,REF490035,NORTH SALT LAKE,333 W CENTER STREET,NORTH SALT LAKE,UT,84054,2805,(801) 296-7700,SMALL BUT MEDIUM COMPLEX REFINERY FOCUSED ON GASOLINE PRODUCTION,IN SERVICE,146,DAVIS,49011,USA,40.83864,-111.92062,324110,PETROLEUM REFINERIES,"EIA-820; EPA TRI",2017/01/01 00:00:00+00,IMAGERY/OTHER,2018/01/31 00:00:00+00,http://www.bigwestoil.com,FJ MANAGEMENT INC,BIG WEST OIL CO,1000003874,100000147922,WITHIN 166 FEET,30500,109,30500,0,0,0,12100,8200,0,22500,3000,0,0,6800,0,0,0,0,4,0
-158.1118,21.3098800000001,33,REF150036,HONOLULU,91-480 MALAKOLE STREET,KAPOLEI,HI,96707,NOT AVAILABLE,(808) 682-2313,MEDIUM SIZED MEDIUM COMPLEXITY REFINERY,IN SERVICE,203,HONOLULU,15003,USA,21.30988,-158.1118,324110,PETROLEUM REFINERIES,"EIA-820; EPA TRI",2017/01/01 00:00:00+00,IMAGERY/OTHER,2018/01/31 00:00:00+00,https://www.islandenergyservices.com,ISLAND ENERGY SERVICES LLC,ISLAND ENERGY SERVICES DOWNSTREAM,1000004005,100000084936,WITHIN 166 FEET,54000,98,54000,31000,0,0,21000,0,0,3500,5000,0,0,6400,0,0,3,0,0,0
-91.17958,30.4839000000001,34,REF220037,BATON ROUGE,4045 SCENIC HIGHWAY,BATON ROUGE,LA,70805,NOT AVAILABLE,(225) 977-8393,VERY LARGE COMPLEX REFINERY,IN SERVICE,1337,EAST BATON ROUGE,22033,USA,30.4839,-91.17958,324110,PETROLEUM REFINERIES,"EIA-820; EPA TRI",2017/01/01 00:00:00+00,IMAGERY/OTHER,2018/01/31 00:00:00+00,http://corporate.exxonmobil.com,EXXON MOBIL CORP,EXXONMOBIL REFINING & SUPPLY CO,1000004754,100000091768,WITHIN 166 FEET,502500,4,502500,246100,117500,0,232500,73500,25700,520500,41000,0,0,0,16500,0,0,31525,800,0
-118.28705,33.77309,35,REF060038,WILMINGTON,1660 W. ANAHEIM STREET,WILMINGTON,CA,90744,NOT AVAILABLE,(310) 952-6038,MEDIUM SIZED COMPLEX REFINERY,IN SERVICE,411,LOS ANGELES,06037,USA,33.77309,-118.28705,324110,PETROLEUM REFINERIES,"EIA-820; EPA TRI",2017/01/01 00:00:00+00,IMAGERY/OTHER,2018/01/31 00:00:00+00,http://www.phillips66.com,PHILLIPS 66 COMPANY,PHILLIPS 66 COMPANY,1000004777,100000146843,WITHIN 166 FEET,139000,54,139000,82000,48300,0,48700,30800,26240,150700,16000,0,0,19000,0,0,105,16800,370,0
-122.39626,47.2570900000001,36,REF530039,TACOMA,3001 MARSHALL AVENUE,TACOMA,WA,98421,3116,(253) 383-1651,SMALL MEDIUM COMPLEXITY REFINERY,IN SERVICE,170,PIERCE,53053,USA,47.25709,-122.39626,324110,PETROLEUM REFINERIES,"EIA-820; EPA TRI",2017/01/01 00:00:00+00,IMAGERY/OTHER,2018/01/31 00:00:00+00,http://www.usor.com,TRAILSTONE LP,US OIL & REFINING CO,1000005234,100000127864,WITHIN 166 FEET,40700,103,40700,19200,0,0,0,6400,0,18600,0,0,0,4500,0,0,0,0,11,8000
-93.4113599999999,32.79952,37,REF220040,COTTON VALLEY,1756 OLD HWY 7,COTTON VALLEY,LA,71018,NOT AVAILABLE,(318) 832-4236,SMALL LUBRICANTS REFINERY,IN SERVICE,42,WEBSTER,22119,USA,32.79952,-93.41136,324110,PETROLEUM REFINERIES,"EIA-820; EPA TRI",2017/01/01 00:00:00+00,IMAGERY/OTHER,2018/01/31 00:00:00+00,http://www.calumetspecialty.com,"CALUMET SPECIALTY PRODUCTS PARTNERS, L.P.",CALUMET LUBRICANTS CO LP,1000005936,100000102603,WITHIN 166 FEET,13020,125,13020,0,0,0,0,0,0,6200,0,0,0,500,0,0,2,0,0,0
-111.29321,47.52363,38,REF300041,GREAT FALLS,1900 10TH STREET NE,GREAT FALLS,MT,59404,NOT AVAILABLE,(406) 454-9887,VERY SMALL BUT COMPLEX REFINERY CAPABLE OF PROCESSING THE HEAVIEST CRUDE,IN SERVICE,95,CASCADE,30013,USA,47.52363,-111.29321,324110,PETROLEUM REFINERIES,"EIA-820; EPA TRI",2017/01/01 00:00:00+00,IMAGERY/OTHER,2018/01/31 00:00:00+00,http://www.calumetspecialty.com,"CALUMET SPECIALTY PRODUCTS PARTNERS, L.P.",CALUMET MONTANA REFINING LLC,1000006043,100000116581,WITHIN 166 FEET,33600,108,24000,20000,0,0,2750,900,23200,14500,700,0,0,1500,0,0,20,0,0,10000
-95.23472,29.7137300000001,39,REF480042,HOUSTON,12000 LAWNDALE AVE,HOUSTON,TX,77017,NOT AVAILABLE,(713) 321-4111,VERY LARGE COMPLEX REFINERY,IN SERVICE,983,HARRIS,48201,USA,29.71373,-95.23472,324110,PETROLEUM REFINERIES,"EIA-820; EPA TRI",2017/01/01 00:00:00+00,IMAGERY/OTHER,2018/01/31 00:00:00+00,http://www.lyondellbasell.com,ACCESS INDUSTRIES,HOUSTON REFINING LP,1000006277,100000118133,WITHIN 166 FEET,263776,20,263776,196500,93795,0,84679,0,0,393475,11250,0,19500,0,3895,0,0,29850,1123,0
-94.0689,30.0636500000001,40,REF480043,BEAUMONT,1795 BURT ST,BEAUMONT,TX,77701,NOT AVAILABLE,(409) 757-6012,LARGE COMPLEX REFINERY,IN SERVICE,1166,JEFFERSON,48245,USA,30.06365,-94.0689,324110,PETROLEUM REFINERIES,"EIA-820; EPA TRI",2017/01/01 00:00:00+00,IMAGERY/OTHER,2018/01/31 00:00:00+00,http://cdn.exxonmobil.com,EXXON MOBIL CORP,EXXONMOBIL REFINING & SUPPLY CO,1000006523,100000152256,WITHIN 166 FEET,362300,8,362300,148800,45500,0,113000,142000,61600,297300,14900,0,0,48200,0,0,0,15039,661,0
-122.13795,38.0715900000001,41,REF060044,BENICIA,3400 E SECOND ST,BENICIA,CA,94510,1005,(707) 745-7534,LARGE FUELS REFINERY,IN SERVICE,549,SOLANO,06095,USA,38.07159,-122.13795,324110,PETROLEUM REFINERIES,"EIA-820; EPA TRI",2017/01/01 00:00:00+00,IMAGERY/OTHER,2018/01/31 00:00:00+00,http://www.valero.com,VALERO ENERGY CORP,VALERO REFINING CO CALIFORNIA,1000007375,100000087871,WITHIN 166 FEET,145000,52,145000,85500,27500,0,72000,35340,32400,169300,17100,0,0,8400,0,0,135,6800,303,9000
-91.20631,30.4756400000001,42,REF220045,PORT ALLEN,1940 LOUISIANA HWY 1 NORTH,PORT ALLEN,LA,70767,NOT AVAILABLE,(225) 346-7492,SMALL MEDIUM COMPLEXITY REFINERY,IN SERVICE,285,WEST BATON ROUGE,22121,USA,30.47564,-91.20631,324110,PETROLEUM REFINERIES,"EIA-820; EPA TRI",2017/01/01 00:00:00+00,IMAGERY/OTHER,2018/01/31 00:00:00+00,http://www.placidrefining.com,PLACID OIL CO,PLACID REFINING CO,1000007629,100000117759,WITHIN 166 FEET,75000,81,75000,27000,0,0,25000,10500,0,56000,7500,0,0,0,0,0,0,0,55,0
-118.33026,33.8527100000001,43,REF060046,TORRANCE,3700 W 190TH STREET,TORRANCE,CA,90503,2929,(310) 212-4618,HIGHLY COMPLEX REFINERY,IN SERVICE,800,LOS ANGELES,06037,USA,33.85271,-118.33026,324110,PETROLEUM REFINERIES,"EIA-820; EPA TRI",2017/01/01 00:00:00+00,IMAGERY/OTHER,2018/01/31 00:00:00+00,http://corporate.exxonmobil.com,PBF ENERGY CO LLC,TORRANCE REFINING CO LLC,1000008282,100000152504,WITHIN 166 FEET,150900,49,150900,102300,50800,0,98400,17000,19200,150200,27200,0,0,0,0,0,146,16700,400,0
-118.91804,35.29459,44,REF060047,BAKERSFIELD,7724 E PANAMA LN,BAKERSFIELD,CA,93307,9210,(661) 845-0761,SMALL REFINERY,IN SERVICE,110,KERN,06029,USA,35.29459,-118.91804,324110,PETROLEUM REFINERIES,"EIA-820; EPA TRI",2017/01/01 00:00:00+00,IMAGERY/OTHER,2018/01/31 00:00:00+00,http://www.kernoil.com,KERN OIL & REFINING CO,KERN OIL & REFINING CO,1000008602,100000150347,WITHIN 166 FEET,26000,112,26000,-999,0,0,0,5690,0,14000,0,0,0,0,0,0,0,0,11,0
-74.2230299999999,40.6324000000001,45,REF340048,LINDEN,1400 PARK AVE SOUTH,LINDEN,NJ,07036,NOT AVAILABLE,(908) 523-6041,LARGE COMPLEX REFINERY COLOCATED WITH PETROCHEMICALS,IN SERVICE,830,UNION,34039,USA,40.6324,-74.22303,324110,PETROLEUM REFINERIES,"EIA-820; EPA TRI",2017/01/01 00:00:00+00,IMAGERY/OTHER,2018/01/31 00:00:00+00,http://www.phillips66.com,PHILLIPS 66 COMPANY,PHILLIPS 66 COMPANY,1000008641,100000157064,WITHIN 166 FEET,241000,25,241000,75000,0,0,125900,23800,0,191000,18800,0,0,8000,0,0,22,0,0,0
-95.7469399999999,29.0729200000001,46,REF480049,SWEENY,SOUTHWEST OF THE INTERSECTION OF FM 524 AND HWY 35,OLD OCEAN,TX,77480,NOT AVAILABLE,(979) 491-2707,LARGE COMPLEX REFINERY,IN SERVICE,923,BRAZORIA,48039,USA,29.07292,-95.74694,324110,PETROLEUM REFINERIES,"EIA-820; EPA ENVIROFACTS",2017/01/01 00:00:00+00,IMAGERY/OTHER,2018/01/31 00:00:00+00,http://www.phillips66.com,PHILLIPS 66 COMPANY,PHILLIPS 66 COMPANY,1000008730,100000088914,WITHIN 166 FEET,247000,23,247000,132100,70900,0,109000,33780,0,366700,21700,0,11600,10100,0,0,0,22800,915,0
-89.00875,31.81706,47,REF280050,SANDERSVILLE,177 HANEY RD HWY 11 N (2 MI N OF SANDERSVILLE),HEIDELBERG,MS,39439,NOT AVAILABLE,(205) 391-3503,SMALL ASPHALT REFINERY,IN SERVICE,40,JONES,28067,USA,31.81706,-89.00875,324110,PETROLEUM REFINERIES,"EIA-820; EPA TRI",2017/01/01 00:00:00+00,IMAGERY/OTHER,2018/01/31 00:00:00+00,http://www.huntrefining.com,HUNT CONSLD INC,HUNT SOUTHLAND REFINING CO,1000008734,100000141349,WITHIN 166 FEET,11000,126,11000,6875,0,0,0,0,0,0,0,0,0,0,0,0,0,0,0,6125
-104.39327,32.84693,48,REF350051,NAVAJO,501 E MAIN ST,ARTESIA,NM,88210,NOT AVAILABLE,(575) 746-5487,MEDIUM SIZED HIGHLY COMPLEX REFINERY,IN SERVICE,330,EDDY,35015,USA,32.84693,-104.39327,324110,PETROLEUM REFINERIES,"EIA-820; EPA TRI",2017/01/01 00:00:00+00,IMAGERY/OTHER,2018/01/31 00:00:00+00,http://www.hollyfrontier.com,HOLLYFRONTIER CORP,HOLLYFRONTIER NAVAJO REFINING LLC,1000008913,100000151426,WITHIN 166 FEET,98000,65,98000,29600,0,0,26000,21000,16800,106000,9100,0,0,0,0,0,38,0,200,7000
-88.05573,30.78914,49,REF010052,SARALAND,400 INDUSTRIAL PARKWAY EXTENSION EAST,SARALAND,AL,36571,NOT AVAILABLE,(251) 675-7040,SMALL / MEDIUM SIZED SIMPLE REFINERY,IN SERVICE,165,MOBILE,01097,USA,30.78914,-88.05573,324110,PETROLEUM REFINERIES,"EIA-820; EPA TRI",2017/01/01 00:00:00+00,IMAGERY/OTHER,2018/01/31 00:00:00+00,http://www.shell.com,ROYAL DUTCH/SHELL GROUP,SHELL CHEMICAL LP,1000008921,100000149127,WITHIN 166 FEET,91575,70,91575,29000,0,0,0,21000,0,73000,0,0,0,2300,0,0,0,0,33,0
-111.92327,40.8259,50,REF490053,SALT LAKE CITY,2351 NORTH 1100 WEST,SALT LAKE CITY,UT,84054,NOT AVAILABLE,(801) 539-7337,SMALL COMPLEX REFINERY,IN SERVICE,301,SALT LAKE,49011,USA,40.8259,-111.92327,324110,PETROLEUM REFINERIES,"EIA-820; EPA TRI",2017/01/01 00:00:00+00,IMAGERY/OTHER,2018/01/31 00:00:00+00,https://www.chevron.com/,CHEVRON CORP,CHEVRON USA INC,1000009121,100000110079,WITHIN 166 FEET,54500,97,54500,27500,9600,0,15035,8160,0,47000,5600,0,0,2600,0,0,0,2500,63,0
-122.69437,48.82973,51,REF530054,FERNDALE,3901 UNICK ROAD,FERNDALE,WA,98248,NOT AVAILABLE,(360) 384-8550,MEDIUM SIZED MEDIUM COMPLEXITY REFINERY,IN SERVICE,406,WHATCOM,53073,USA,48.82973,-122.69437,324110,PETROLEUM REFINERIES,"EIA-820; EPA TRI",2017/01/01 00:00:00+00,IMAGERY/OTHER,2018/01/31 00:00:00+00,http://www.phillips66.com,PHILLIPS 66 COMPANY,PHILLIPS 66 COMPANY,1000009285,100000129924,WITHIN 166 FEET,101000,64,101000,50700,0,0,34700,16600,0,73400,10200,0,0,5400,0,0,0,0,123,0
-104.78969,41.1276800000001,52,REF560055,CHEYENNE,2700 EAST 5TH STREET,CHEYENNE,WY,82007,NOT AVAILABLE,(307) 634-3551,SMALL COMPLEX REFINERY,IN SERVICE,300,LARAMIE,56021,USA,41.12768,-104.78969,324110,PETROLEUM REFINERIES,"EIA-820; EPA TRI",2017/01/01 00:00:00+00,IMAGERY/OTHER,2018/01/31 00:00:00+00,http://www.hollyfrontier.com,HOLLYFRONTIER CORP,HOLLYFRONTIER CHEYENNE REFINING LLC,1000009303,100000129808,WITHIN 166 FEET,47000,99,47000,28000,13200,0,12000,8900,0,38000,4200,0,0,0,0,0,10,4700,116,16000
-92.67513,33.1992700000001,53,REF050056,EL DORADO,1000 MCHENRY ST,EL DORADO,AR,71730,NOT AVAILABLE,(870) 864-1289,SMALL REFINERY,IN SERVICE,327,UNION,05139,USA,33.19927,-92.67513,324110,PETROLEUM REFINERIES,"EIA-820; EPA TRI",2017/01/01 00:00:00+00,IMAGERY/OTHER,2018/01/31 00:00:00+00,http://www.lionoil.com,DELEK GROUP LTD,LION OIL CO,1000009465,100000134204,WITHIN 166 FEET,83000,79,83000,45000,0,0,20500,14800,0,92750,5000,0,0,7500,0,0,10,0,157,20500
-90.90825,32.38658,54,REF280057,VICKSBURG,2611 HAINING ROAD,VICKSBURG,MS,39183,NOT AVAILABLE,(601) 630-8374,SMALL SCALE SPECIALIST NAPHTHENIC PROCESS OIL PRODUCER,IN SERVICE,180,WARREN,28149,USA,32.38658,-90.90825,324110,PETROLEUM REFINERIES,"EIA-820; EPA TRI",2017/01/01 00:00:00+00,IMAGERY/OTHER,2018/01/31 00:00:00+00,http://ergon.com,ERGON INC,ERGON REFINING INC,1000009573,100000208544,WITHIN 166 FEET,26500,111,26500,18000,0,0,0,0,0,23000,0,0,0,0,23000,0,13,0,0,10000
-94.22855,30.3982600000001,55,REF480058,SILSBEE,7752 WEST FM 418,SILSBEE,TX,77656,NOT AVAILABLE,(409) 385-8312,SMALL AROMATICS PRODUCER,IN SERVICE,125,HARDIN,48199,USA,30.39826,-94.22855,324110,PETROLEUM REFINERIES,"EIA-820; EPA ENVIROFACTS",2017/01/01 00:00:00+00,IMAGERY/OTHER,2018/01/31 00:00:00+00,http://www.southhamptonr.com,TEXAS OIL & CHEMICAL CO,SOUTH HAMPTON RESOURCES INC,1000009843,100000116812,WITHIN 166 FEET,0,140,0,0,0,0,0,1520,0,15000,0,0,1064,4400,0,0,0,0,0,0
-88.04839,41.65374,56,REF170059,LEMONT,135TH STREET AND NEW AVE,LEMONT,IL,60439,3659,(630) 257-4085,LARGE COMPLEX REFINERY,IN SERVICE,513,WILL,17197,USA,41.65374,-88.04839,324110,PETROLEUM REFINERIES,"EIA-820; EPA TRI",2017/01/01 00:00:00+00,IMAGERY/OTHER,2018/01/31 00:00:00+00,http://www.citgo.com,PDV AMERICA INC,PDV MIDWEST REFINING LLC,1000011048,100000144587,WITHIN 166 FEET,175940,42,175940,77200,36630,0,62550,31410,0,226100,21500,0,9400,0,0,0,12,12700,487,0
-108.48972,45.7806100000001,57,REF300060,BILLINGS,401 S 23RD STREET,BILLINGS,MT,59101,NOT AVAILABLE,(406) 255-2632,SMALL BUT COMPLEX REFINERY WITH A HIGH CLEAN PRODUCT YIELD,IN SERVICE,296,YELLOWSTONE,30111,USA,45.78061,-108.48972,324110,PETROLEUM REFINERIES,"EIA-820; EPA TRI",2017/01/01 00:00:00+00,IMAGERY/OTHER,2018/01/31 00:00:00+00,http://www.conocophillips.com/,PHILLIPS 66 COMPANY,PHILLIPS 66 COMPANY,1000011455,100000085418,WITHIN 166 FEET,60000,93,60000,37100,20600,0,20390,9420,0,80860,7250,0,0,8000,0,0,34,5730,246,0
-79.12742,41.8297000000001,58,REF420061,WARREN,15 BRADLEY STREET,WARREN,PA,16365,NOT AVAILABLE,(814) 723-1500,MEDIUM SIZED MEDIUM COMPLEXITY REFINERY,IN SERVICE,643,WARREN,42123,USA,41.8297,-79.12742,324110,PETROLEUM REFINERIES,"EIA-820; EPA TRI",2017/01/01 00:00:00+00,IMAGERY/OTHER,2018/01/31 00:00:00+00,http://www.urc.com,RED APPLE GROUP INC,UNITED REFINING CO,1000011541,100000066796,WITHIN 166 FEET,65000,90,65000,40000,0,0,25000,13000,0,51000,4500,0,0,8500,0,0,10,0,67,22000
-122.55912,48.47182,59,REF530062,ANACORTES,8505 S. TEXAS RD,ANACORTES,WA,98221,0622,(360) 293-1701,MEDIUM TO LARGE COMPLEX REFINERY,IN SERVICE,477,SKAGIT,53057,USA,48.47182,-122.55912,324110,PETROLEUM REFINERIES,"EIA-820; EPA TRI",2017/01/01 00:00:00+00,IMAGERY/OTHER,2018/01/31 00:00:00+00,http://www.shell.us,ROYAL DUTCH/SHELL GROUP,SHELL OIL PRODUCTS US,1000011818,100000099252,WITHIN 166 FEET,145000,53,145000,65800,22400,0,52900,17600,0,128900,12100,0,0,0,0,0,0,8400,350,0
-90.40214,30.00314,60,REF220063,NORCO,15536 RIVER RD,NORCO,LA,70079,NOT AVAILABLE,(504) 465-6667,LARGE COMPLEX REFINERY WITH A HIGH GASOLINE YIELD,IN SERVICE,1200,ST. CHARLES,22089,USA,30.00314,-90.40214,324110,PETROLEUM REFINERIES,"EIA-820; EPA TRI",2020/06/19 00:00:00+00,IMAGERY/OTHER,2020/06/19 00:00:00+00,https://www.shell.us,ROYAL DUTCH SHELL,SHELL OIL PRODUCTS US (REFINING),1000011961,100000026009,WITHIN 166 FEET,225800,30,225800,91300,24900,0,112400,39200,42300,185500,16800,0,0,0,0,0,0,7316,180,0
-87.60783,33.2005,61,REF010064,TUSCALOOSA,1855 FAIRLAWN RD,TUSCALOOSA,AL,35401,NOT AVAILABLE,(205) 391-3503,SMALL / MEDIUM SIZED REFINERY,IN SERVICE,259,TUSCALOOSA,01125,USA,33.2005,-87.60783,324110,PETROLEUM REFINERIES,"EIA-820; EPA TRI",2017/01/01 00:00:00+00,IMAGERY/OTHER,2018/01/31 00:00:00+00,http://www.huntrefining.com,HUNT CONSLD INC,HUNT REFINING CO,1000012227,100000049921,WITHIN 166 FEET,36000,106,36000,18000,30000,0,0,15000,17500,49100,0,0,0,4200,0,0,40,7120,195,15000
-97.42639,27.8094100000001,62,REF480065,CORPUS CHRISTI,1802 NUECES BAY BLVD.,CORPUS CHRISTI,TX,78407,NOT AVAILABLE,(361) 844-4110,LARGE COMPLEX REFINERY,IN SERVICE,665,NUECES,48355,USA,27.80941,-97.42639,324110,PETROLEUM REFINERIES,"EIA-820; EPA ENVIROFACTS",2017/01/01 00:00:00+00,IMAGERY/OTHER,2018/01/31 00:00:00+00,http://citgorefining.com/,PDV AMERICA INC,CITGO REFINING & CHEMICAL INC,1000012233,100000139566,WITHIN 166 FEET,157500,46,157500,85300,41300,0,78400,46500,0,264100,23100,0,16300,0,0,0,0,17374,368,0
-111.90389,40.8870000000001,63,REF490066,WOODS CROSS,393 SOUTH 800 WEST,WOODS CROSS,UT,84087,1435,(801) 299-6625,SMALL BUT HIGHLY COMPLEX REFINERY,IN SERVICE,188,DAVIS,49011,USA,40.887,-111.90389,324110,PETROLEUM REFINERIES,"EIA-820; EPA TRI",2017/01/01 00:00:00+00,IMAGERY/OTHER,2018/01/31 00:00:00+00,http://www.hollyfrontier.com,HOLLYFRONTIER CORP,HOLLYFRONTIER WOODS CROSS REFINING L,1000012241,100000020327,WITHIN 166 FEET,39330,104,39330,0,0,0,16625,6960,14250,26200,5300,0,0,3000,0,0,0,0,10,1800
-93.9656199999999,29.86055,64,REF480067,PORT ARTHUR,1801 S GULFWAY DRIVE,PORT ARTHUR,TX,77640,NOT AVAILABLE,(409) 985-1591,LARGE COMPLEX REFINERY,IN SERVICE,840,JEFFERSON,48245,USA,29.86055,-93.96562,324110,PETROLEUM REFINERIES,"EIA-820; EPA TRI",2017/01/01 00:00:00+00,IMAGERY/OTHER,2018/01/31 00:00:00+00,http://www.valero.com,VALERO ENERGY CORP,PREMCOR REFINING GROUP INC,1000012276,100000116634,WITHIN 166 FEET,335000,11,335000,220000,95500,0,73000,43500,113000,331300,19500,0,0,0,0,0,0,32240,1490,0
-83.5019,41.6328,65,REF390068,TOLEDO,1819 WOODVILLE ROAD,OREGON,OH,43616,3159,(419) 698-6624,HIGH CONVERSION LIGHT/SWEET REFINERY,IN SERVICE,525,LUCAS,39095,USA,41.6328,-83.5019,324110,PETROLEUM REFINERIES,"EIA-820; EPA TRI",2017/01/01 00:00:00+00,IMAGERY/OTHER,2018/01/31 00:00:00+00,http://www.pbfenergy.com,PBF ENERGY CO LLC,TOLEDO REFINING CO LLC,1000012849,100000032396,WITHIN 166 FEET,160000,45,160000,0,0,0,71000,43200,39000,149900,9950,0,10800,16000,0,0,0,0,116,0
-89.9750099999999,29.6823900000001,66,REF220069,BELLE CHASSE,15551 HWY 23,BELLE CHASSE,LA,70037,NOT AVAILABLE,(504) 656-3987,MEDIUM SIZED COMPLEX REFINERY,IN SERVICE,354,PLAQUEMINES,22075,USA,29.68239,-89.97501,324110,PETROLEUM REFINERIES,"EIA-820; EPA TRI",2017/01/01 00:00:00+00,IMAGERY/OTHER,2018/01/31 00:00:00+00,http://www.phillips66.com,PHILLIPS 66 COMPANY,PHILLIPS 66 COMPANY,1000013136,100000145461,WITHIN 166 FEET,247000,22,247000,103000,23400,0,96500,43641,0,195340,35000,0,15500,0,0,0,0,6716,125,0
-91.75003,30.5256000000001,67,REF220070,KROTZ SPRINGS,356 S LEVEE ROAD,KROTZ SPRINGS,LA,70750,0453,(337) 566-0184,SMALL MEDIUM COMPLEXITY REFINERY,IN SERVICE,208,ST. LANDRY,22097,USA,30.5256,-91.75003,324110,PETROLEUM REFINERIES,"EIA-820; EPA TRI",2017/01/01 00:00:00+00,IMAGERY/OTHER,2018/01/31 00:00:00+00,http://www.alonusa.com,ALON ISRAEL OIL COMPANY LTD,ALON REFINING KROTZ SPRINGS INC,1000014506,100000113824,WITHIN 166 FEET,80000,80,80000,36200,0,0,33000,12000,0,32000,0,0,0,6220,0,0,0,0,0,0
-118.40949,33.91022,68,REF060071,EL SEGUNDO,324 W EL SEGUNDO BLVD,EL SEGUNDO,CA,90245,3680,(310) 615-5386,LARGE FUELS REFINERY,IN SERVICE,1200,LOS ANGELES,06037,USA,33.91022,-118.40949,324110,PETROLEUM REFINERIES,"EIA-820; EPA TRI",2017/01/01 00:00:00+00,IMAGERY/OTHER,2018/01/31 00:00:00+00,https://www.chevron.com/,CHEVRON CORP,CHEVRON USA INC,1000014555,100000101454,WITHIN 166 FEET,269000,19,269000,169100,65710,0,66500,44500,48000,228500,33300,0,0,43300,0,0,77,25500,894,0
-88.18346,41.4138300000001,69,REF170072,JOLIET,25915 SE FRONTAGE ROAD,CHANNAHON,IL,60481,8723,(815) 521-7334,LARGE COMPLEX REFINERY,IN SERVICE,576,WILL,17197,USA,41.41383,-88.18346,324110,PETROLEUM REFINERIES,"EIA-820; EPA TRI",2017/01/01 00:00:00+00,IMAGERY/OTHER,2018/01/31 00:00:00+00,http://corporate.exxonmobil.com,EXXON MOBIL CORP,EXXONMOBIL REFINING & SUPPLY CO,1000014976,100000146772,WITHIN 166 FEET,238600,26,238600,126700,56500,0,94500,50000,0,247500,29100,0,0,0,0,0,0,18595,683,15100
-75.2079899999999,39.9031900000001,70,REF420073,PHILADELPHIA (PES REFINING COMPLEX),3144 PASSYUNK AVE,PHILADELPHIA,PA,19145,5208,(215) 339-7061,LARGE MEDIUM COMPLEXITY REFINERY,IN SERVICE,830,PHILADELPHIA,42101,USA,39.90319,-75.20799,324110,PETROLEUM REFINERIES,"EIA-820; EPA TRI",2017/01/01 00:00:00+00,IMAGERY/OTHER,2018/01/31 00:00:00+00,http://www.pes-companies.com,CARLYLE GROUP,PHILADELPHIA ENERGY SOLUTIONS,1000015398,100000028105,WITHIN 166 FEET,310000,13,310000,163200,0,0,127300,56000,0,300000,26500,0,4920,7600,0,0,0,0,76,0
-97.0910499999999,36.6819300000001,71,REF400075,PONCA CITY,1000 S PINE STREET,PONCA CITY,OK,74601,NOT AVAILABLE,(580) 767-4182,LARGE HIGH-CONVERSION REFINERY,IN SERVICE,850,KAY,40071,USA,36.68193,-97.09105,324110,PETROLEUM REFINERIES,"EIA-820; EPA TRI",2017/01/01 00:00:00+00,IMAGERY/OTHER,2018/01/31 00:00:00+00,http://www.phillips66.com,PHILLIPS 66 COMPANY,PHILLIPS 66 COMPANY,1000015896,100000038318,WITHIN 166 FEET,200000,34,200000,89042,22200,0,57000,43500,0,236889,17574,0,0,0,0,0,35,6300,0,0
-88.48672,30.3434500000001,72,REF280076,PASCAGOULA,250 INDUSTRIAL ROAD,PASCAGOULA,MS,39581,3201,(228) 938-4548,LARGE AND VERY COMPLEX REFINERY,IN SERVICE,1610,JACKSON,28059,USA,30.34345,-88.48672,324110,PETROLEUM REFINERIES,"EIA-820; EPA TRI",2017/01/01 00:00:00+00,IMAGERY/OTHER,2018/01/31 00:00:00+00,https://www.chevron.com/,CHEVRON CORP,CHEVRON USA INC,1000016180,100000086989,WITHIN 166 FEET,340000,9,340000,314000,98000,0,86000,86000,106800,276300,18600,0,21000,0,25000,0,230,35500,1355,20000
-146.25057,61.08396,73,REF020077,VALDEZ,2.5 MILE DAYVILLE ROAD,VALDEZ,AK,99686,NOT AVAILABLE,(907) 339-6635,SMALL SIMPLE REFINERY,IN SERVICE,38,VALDEZ-CORDOVA,02261,USA,61.08396,-146.25057,324110,PETROLEUM REFINERIES,"EIA-820; EPA TRI",2017/01/01 00:00:00+00,IMAGERY/OTHER,2018/01/31 00:00:00+00,http://www.petrostar.com,ARCTIC SLOPE REGIONAL CORP,PETRO STAR INC,1000016896,100000212888,WITHIN 166 FEET,55000,96,55000,0,0,0,0,0,0,0,0,0,0,0,0,0,0,0,0,0
-75.63058,39.5873,74,REF100078,DELAWARE CITY,4550 WRANGLE HILL ROAD,DELAWARE CITY,DE,19720,NOT AVAILABLE,(856) 224-4354,LARGE COMPLEX REFINERY,IN SERVICE,600,NEWCASTLE,10003,USA,39.5873,-75.63058,324110,PETROLEUM REFINERIES,"EIA-820; EPA TRI",2017/01/01 00:00:00+00,IMAGERY/OTHER,2018/01/31 00:00:00+00,http://www.pbfenergy.com,PBF ENERGY CO LLC,DELAWARE CITY REFINING CO LLC,1000017237,100000072841,WITHIN 166 FEET,182200,40,182200,104600,48400,0,85300,41000,20000,151500,11729,0,5191,12000,0,0,40,13620,596,0
-118.16704,33.9463000000001,75,REF060079,SOUTH GATE,9302 GARFIELD AVENUE,SOUTH GATE,CA,90280,1519,(562) 928-7000,VERY SMALL REFINERY,IN SERVICE,62,LOS ANGELES,06037,USA,33.9463,-118.16704,324110,PETROLEUM REFINERIES,"EIA-820; EPA TRI",2017/01/01 00:00:00+00,IMAGERY/OTHER,2018/01/31 00:00:00+00,http://www.lundaythagard.com,WORLD OIL CO,LUNDAY THAGARD CO,1000017544,100000212566,WITHIN 166 FEET,8500,129,8500,7000,0,0,0,0,0,0,0,0,0,0,0,0,0,0,0,5833
-111.90812,40.7939500000001,76,REF490080,SALT LAKE CITY,474 WEST 900 NORTH,SALT LAKE CITY,UT,84116,1494,(801) 366-2036,SMALL MEDIUM COMPLEXITY REFINERY,IN SERVICE,260,SALT LAKE,49035,USA,40.79395,-111.90812,324110,PETROLEUM REFINERIES,"EIA-820; EPA TRI",2020/06/18 00:00:00+00,IMAGERY/OTHER,2020/06/22 00:00:00+00,https://www.marathonpetroleum.com,MARATHON PETROLEUM CORP,MARATHON PETROLEUM CO LP,1000017618,100000097897,WITHIN 166 FEET,63000,91,57500,0,0,0,25400,11000,0,41900,7000,0,0,0,0,0,0,0,18,0
-106.4036,31.7694900000001,77,REF480082,EL PASO,6500 TROWBRIDGE DRIVE/212 N CLARK DR,EL PASO,TX,79905,NOT AVAILABLE,(915) 775-3319,MEDIUM SIZED MEDIUM COMPLEXITY REFINERY,IN SERVICE,440,EL PASO,48141,USA,31.76949,-106.4036,324110,PETROLEUM REFINERIES,"EIA-820; EPA TRI",2020/06/18 00:00:00+00,IMAGERY/OTHER,2020/06/22 00:00:00+00,https://www.marathonpetroleum.com,MARATHON PETROLEUM CORP,MARATHON PETROLEUM CO LP,1000018238,100000148119,WITHIN 166 FEET,122000,57,122000,56200,0,0,31000,25500,0,122700,13300,0,0,14600,0,0,12,0,0,7000
-97.42306,27.8062400000001,78,REF480083,CORPUS CHRISTI EAST AND WEST,1607 NUECES BAY BLVD,CORPUS CHRISTI,TX,78407,NOT AVAILABLE,(361) 241-4811,VERY LARGE COMPLEX REFINERY,IN SERVICE,22,NUECES,48355,USA,27.80624,-97.42306,324110,PETROLEUM REFINERIES,"EIA-820; EPA ENVIROFACTS",2017/01/01 00:00:00+00,IMAGERY/OTHER,2018/01/31 00:00:00+00,http://www.fhr.com,KOCH INDUSTRIES INC,FLINT HILLS RESOURCES LP,1000018697,100000119043,WITHIN 166 FEET,296470,14,296470,87500,13300,0,104000,0,12300,354800,15500,0,0,13300,0,0,0,3968,426,0
-122.565976534,48.4939656760001,79,REF530085,ANACORTES,WEST MARCH'S POINT ROAD,ANACORTES,WA,98221,0622,(360) 293-9126,MEDIUM TO LARGE COMPLEX REFINERY,IN SERVICE,390,SKAGIT,53057,USA,48.4939656760001,-122.565976534,324110,PETROLEUM REFINERIES,"EIA-820; EPA TRI",2020/06/18 00:00:00+00,IMAGERY/OTHER,2020/06/22 00:00:00+00,https://www.marathonpetroleum.com,MARATHON PETROLEUM CORP,MARATHON PETROLEUM CO LP,1000018956,100000028034,WITHIN 166 FEET,120000,59,120000,50500,0,0,51100,29200,0,98000,13800,0,0,7600,0,0,0,0,54,0
-90.59639,30.06129,80,REF220086,GARYVILLE,4663 WEST AIRLINE HWY,GARYVILLE,LA,70084,NOT AVAILABLE,(985) 535-2241,VERY LARGE COMPLEX REFINERY,IN SERVICE,930,ST. JOHN THE BAPTIST,22095,USA,30.06129,-90.59639,324110,PETROLEUM REFINERIES,"EIA-820; EPA TRI",2017/01/01 00:00:00+00,IMAGERY/OTHER,2018/01/31 00:00:00+00,https://www.marathonpetroleum.com,MARATHON PETROLEUM CORP,MARATHON PETROLEUM CO LP,1000019402,100000105726,WITHIN 166 FEET,543000,3,543000,301000,89800,0,136800,122100,111200,568500,33000,0,0,72500,0,0,0,33000,1476,33000
-104.21464,43.8495800000001,81,REF560087,NEW CASTLE,740 WEST MAIN STREET,NEWCASTLE,WY,82701,NOT AVAILABLE,(307) 746-4445,VERY SMALL MEDIUM COMPLEXITY REFINERY,IN SERVICE,94,WESTON,56045,USA,43.84958,-104.21464,324110,PETROLEUM REFINERIES,"EIA-820; EPA TRI",2017/01/01 00:00:00+00,IMAGERY/OTHER,2018/01/31 00:00:00+00,http://www.parpacific.com,PAR PETROLEUM INC,HERMES CONSOLIDATED LLC,1000019604,100000127445,WITHIN 166 FEET,18000,120,18000,0,0,0,7000,3500,0,10000,1300,0,0,0,0,0,0,0,0,0
-101.36159,35.6976900000001,82,REF480088,BORGER,SPUR 119 NORTH,BORGER,TX,79007,0271,(806) 275-1945,MEDIUM SIZED REFINERY INCLUDES AN NGL FRACTIONATION FACILITY,IN SERVICE,709,HUTCHINSON,48233,USA,35.69769,-101.36159,324110,PETROLEUM REFINERIES,"EIA-820; EPA TRI",2017/01/01 00:00:00+00,IMAGERY/OTHER,2018/01/31 00:00:00+00,http://www.phillips66.com,WRB REFINING LP (PHILLIPS66/CENOVUS),PHILLIPS 66 COMPANY,1000019677,100000162343,WITHIN 166 FEET,146000,51,146000,80000,26100,0,55048,30310,0,187380,14000,0,0,61000,0,0,91,8000,340,0
-84.12643,40.71772,83,REF390089,LIMA,1150 SOUTH METCALF STREET,LIMA,OH,45804,1199,(419) 226-2551,MEDIUM SIZED MEDIUM COMPLEXITY REFINERY,IN SERVICE,393,ALLEN,39003,USA,40.71772,-84.12643,324110,PETROLEUM REFINERIES,"EIA-820; EPA TRI",2017/01/01 00:00:00+00,IMAGERY/OTHER,2018/01/31 00:00:00+00,http://www.huskyenergy.com,HUSKY ENERGY INC,LIMA REFINING COMPANY,1000019716,100000148681,WITHIN 166 FEET,177000,41,177000,53000,22000,0,43035,53900,25000,158000,0,0,9200,27700,0,0,0,4200,110,0
-151.36605,60.6838700000001,84,REF020090,KENAI,54741 TESORO ROAD,KENAI,AK,99611,NOT AVAILABLE,(907) 261-7221,MEDIUM SIZED FUELS REFINERY,IN SERVICE,230,KENAI PENINSULA,02122,USA,60.68387,-151.36605,324110,PETROLEUM REFINERIES,"EIA-820; EPA TRI",2020/06/18 00:00:00+00,IMAGERY/OTHER,2020/06/18 00:00:00+00,https://www.marathonpetroleum.com,MARATHON PETROLEUM CORP,MARATHON PETROLEUM CO LP,1000020144,100000142357,WITHIN 166 FEET,72000,85,62700,26000,0,0,0,10600,12340,24500,0,0,0,5000,0,0,13,0,25,10000
-89.93908,29.9354200000001,85,REF220091,MERAUX,2500 EAST ST. BERNARD HWY,MERAUX,LA,70075,NOT AVAILABLE,(504) 271-4141,MEDIUM COMPLEX REFINERY,IN SERVICE,274,ST. BERNARD,22087,USA,29.93542,-89.93908,324110,PETROLEUM REFINERIES,"EIA-820; EPA TRI",2017/01/01 00:00:00+00,IMAGERY/OTHER,2018/01/31 00:00:00+00,http://www.valero.com,VALERO ENERGY CORP,VALERO ENERGY CORPORATION,1000020270,100000064146,WITHIN 166 FEET,125000,56,125000,60000,0,0,0,29282,45300,92700,0,0,0,0,0,0,0,0,224,0
-97.16788,34.63057,86,REF400092,WYNNEWOOD,906 S. POWELL,WYNNEWOOD,OK,73098,NOT AVAILABLE,(405) 665-6601,SMALL MEDIUM COMPLEXITY REFINERY WITH BOTH FCC & HYDROCRACKER,IN SERVICE,260,GARVIN,40049,USA,34.63057,-97.16788,324110,PETROLEUM REFINERIES,"EIA-820; EPA TRI",2017/01/01 00:00:00+00,IMAGERY/OTHER,2018/01/31 00:00:00+00,http://www.cvrrefining.com,CVR ENERGY,WYNNEWOOD REFINING CO,1000020760,100000123591,WITHIN 166 FEET,70000,88,70000,40300,0,0,19000,17000,17800,67500,5500,0,21000,0,0,0,10,0,0,7000
-93.04178,44.7659800000001,87,REF270093,SAINT PAUL,12555 CLARK RD,ROSEMOUNT,MN,55068,NOT AVAILABLE,(651) 438-1331,LARGE HIGHLY COMPLEX REFINERY THAT PROCESSES VERY HEAVY CRUDES,IN SERVICE,918,DAKOTA,27037,USA,44.76598,-93.04178,324110,PETROLEUM REFINERIES,"EIA-820; EPA TRI",2017/01/01 00:00:00+00,IMAGERY/OTHER,2018/01/31 00:00:00+00,http://www.fhr.com,KOCH INDUSTRIES INC,FLINT HILLS RESOURCES LP,1000021532,100000139833,WITHIN 166 FEET,290000,16,290000,234000,62500,0,82600,37500,47700,329000,12500,0,0,18000,0,0,176,23600,1142,45000
-93.3205399999999,30.1337100000001,88,REF220094,LAKE CHARLES,4359 WEST TANK FARM RD,LAKE CHARLES,LA,70605,NOT AVAILABLE,(337) 480-6637,SMALL SIMPLE REFINERY,IN SERVICE,38,CALCASIEU,22019,USA,30.13371,-93.32054,324110,PETROLEUM REFINERIES,"EIA-820; EPA TRI",2017/01/01 00:00:00+00,IMAGERY/OTHER,2018/01/31 00:00:00+00,http://www.calcasieurefining.com,TRANSWORLD OIL USA INC,CALCASIEU REFINING CO,1000021607,100000071469,WITHIN 166 FEET,104000,62,104000,36000,0,0,0,0,0,0,0,0,0,7000,0,0,0,0,0,0
-93.8886199999999,29.96016,89,REF480095,PORT ARTHUR,HWY 366 AND 32ND STREET,PORT ARTHUR,TX,77642,NOT AVAILABLE,(409) 963-8319,LARGE COMPLEX REFINERY,IN SERVICE,500,JEFFERSON,48245,USA,29.96016,-93.88862,324110,PETROLEUM REFINERIES,"EIA-820; EPA TRI",2017/01/01 00:00:00+00,IMAGERY/OTHER,2018/01/31 00:00:00+00,http://www.totalpetrochemicalsusa.com,TOTAL SA,TOTAL PETROCHEMICALS & REFINING USA,1000022056,100000159286,WITHIN 166 FEET,225500,31,225500,117000,55500,0,75500,40500,0,264500,6700,0,13600,7800,0,0,0,19200,806,0
-81.41391,40.7734300000001,90,REF390096,CANTON,2408 GAMBRINUS AVE SW,CANTON,OH,44706,NOT AVAILABLE,(330) 478-6379,SMALL MEDIUM COMPLEXITY REFINERY,IN SERVICE,361,STARK,39151,USA,40.77343,-81.41391,324110,PETROLEUM REFINERIES,"EIA-820; EPA TRI",2017/01/01 00:00:00+00,IMAGERY/OTHER,2018/01/31 00:00:00+00,https://www.marathonpetroleum.com,MARATHON PETROLEUM CORP,MARATHON PETROLEUM CO LP,1000022157,100000058812,WITHIN 166 FEET,93000,69,93000,35000,0,0,24700,20400,0,96000,7500,0,0,0,0,0,0,0,104,14800
-108.42582,35.4888500000001,91,REF350097,GALLUP,"92 GIANT CROSSING ROAD, I-40 AT EXIT 39",JAMESTOWN,NM,87347,NOT AVAILABLE,(505) 722-3833,SMALL REFINERY WITH SOME CRACKING CAPABILITY,IN SERVICE,220,MCKINLEY,35031,USA,35.48885,-108.42582,324110,PETROLEUM REFINERIES,"EIA-820; EPA ENVIROFACTS",2020/06/18 00:00:00+00,IMAGERY/OTHER,2020/06/19 00:00:00+00,https://www.marathonpetroleum.com,MARATHON PETROLEUM CORPORATION,MARATHON PETROLEUM CORPORATION,1000022456,100000063487,WITHIN 166 FEET,25500,113,25500,0,0,0,11300,6800,0,12100,1800,0,0,0,0,0,0,0,2,0
-97.1044199999999,34.2049200000001,92,REF400098,ARDMORE,1 VALERO WAY,ARDMORE,OK,73401,NOT AVAILABLE,(580) 221-6232,SMALL MEDIUM COMPLEXITY REFINERY CAPABLE OF PROCESSING A RANGE OF CRUDE OILS,IN SERVICE,320,CARTER,40019,USA,34.20492,-97.10442,324110,PETROLEUM REFINERIES,"EIA-820; EPA TRI",2017/01/01 00:00:00+00,IMAGERY/OTHER,2018/01/31 00:00:00+00,http://www.valero.com,VALERO ENERGY CORP,VALERO REFINING CO OKLAHOMA,1000022598,100000128177,WITHIN 166 FEET,86000,72,86000,32000,0,0,26000,19000,12000,93450,7012,0,0,0,0,0,27,0,249,14714
-93.95994,29.8830100000001,93,REF480099,PORT ARTHUR,2555 SAVANNAH AVENUE,PORT ARTHUR,TX,77640,3399,(409) 989-7015,VERY LARGE COMPLEX REFINERY,IN SERVICE,1050,JEFFERSON,48245,USA,29.88301,-93.95994,324110,PETROLEUM REFINERIES,"EIA-820; EPA TRI",2017/01/01 00:00:00+00,IMAGERY/OTHER,2018/01/31 00:00:00+00,https://www.motiva.com/,MOTIVA ENTERPRISES LLC,MOTIVA ENTERPRISES LLC,1000022816,100000157297,WITHIN 166 FEET,603000,1,603000,331800,150000,0,88000,121825,98700,537950,20000,0,0,49140,39000,0,0,48820,3203,0
-90.39446,29.9925500000001,94,REF220100,NORCO,14902 RIVER RD,NORCO,LA,70047,NOT AVAILABLE,(985) 764-5605,LARGE COMPLEX REFINERY,IN SERVICE,530,ST. CHARLES,22089,USA,29.99255,-90.39446,324110,PETROLEUM REFINERIES,"EIA-820; EPA TRI",2017/01/01 00:00:00+00,IMAGERY/OTHER,2018/01/31 00:00:00+00,http://www.valero.com,VALERO ENERGY CORP,VALERO REFINING NEW ORLEANS LLC,1000023447,100000093409,WITHIN 166 FEET,215000,33,215000,180000,72000,0,80000,22000,97000,251000,21000,0,3000,0,0,0,100,26000,880,0
-122.39145,37.94158,95,REF060101,RICHMOND,841 CHEVRON WAY,RICHMOND,CA,94801,0627,(510) 242-2400,LARGE AND HIGHLY COMPLEX REFINERY,IN SERVICE,1200,CONTRA COSTA,06013,USA,37.94158,-122.39145,324110,PETROLEUM REFINERIES,"EIA-820; EPA TRI",2017/01/01 00:00:00+00,IMAGERY/OTHER,2018/01/31 00:00:00+00,https://www.chevron.com/,CHEVRON CORP,CHEVRON USA INC,1000023997,100000136836,WITHIN 166 FEET,245271,24,245271,123456,0,0,80000,59000,87260,382200,32662,0,0,60400,34000,0,181,0,789,0
-95.12778,29.72153,96,REF480102,DEER PARK,5900 STATE HIGHWAY 225 EAST,DEER PARK,TX,77536,NOT AVAILABLE,(713) 246-6151,VERY LARGE COMPLEX REFINERY,IN SERVICE,1519,HARRIS,48201,USA,29.72153,-95.12778,324110,PETROLEUM REFINERIES,"EIA-820; EPA TRI",2017/01/01 00:00:00+00,IMAGERY/OTHER,2018/01/31 00:00:00+00,http://www.shell.us,DEER PARK REFINING LTD PTNRSHP,DEER PARK REFINING LTD PARTNERSHIP,1000024956,100000131653,WITHIN 166 FEET,325700,12,325700,180000,79500,0,67900,61600,52300,296000,18500,0,0,0,0,0,0,34000,1085,0
-118.24102,33.81535,97,REF060103,LOS ANGELES (CARSON PLANT),1801 E SEPULVEDA BLVD,CARSON,CA,90745,NOT AVAILABLE,(310) 847-5211,LARGE AND VERY COMPLEX REFINERY,IN SERVICE,1021,LOS ANGELES,06037,USA,33.81535,-118.24102,324110,PETROLEUM REFINERIES,"EIA-820; EPA TRI",2020/06/18 00:00:00+00,IMAGERY/OTHER,2020/06/19 00:00:00+00,https://www.marathonpetroleum.com,MARATHON PETROLEUM CORP,MARATHON PETROLEUM CO LP,1000025262,100000073476,WITHIN 166 FEET,269200,18,269200,140000,49300,0,92600,36900,53900,209000,17000,0,0,30000,0,0,105,16700,476,0
-93.79254,32.46693,98,REF220104,SHREVEPORT,3333 MIDWAY ST,SHREVEPORT,LA,71109,5719,(318) 632-4102,SPECIALISED PREMIUM BASE AND PROCESS OILS MANUFACTURING REFINERY,IN SERVICE,240,CADDO,22017,USA,32.46693,-93.79254,324110,PETROLEUM REFINERIES,"EIA-820; EPA TRI",2017/01/01 00:00:00+00,IMAGERY/OTHER,2018/01/31 00:00:00+00,http://www.calumetspecialty.com,"CALUMET SPECIALTY PRODUCTS PARTNERS, L.P.",CALUMET SHREVEPORT LLC,1000025597,100000041153,WITHIN 166 FEET,57000,95,57000,28000,0,0,0,11900,0,52300,0,0,0,0,12500,0,12,0,40,6500
-95.1197099999999,29.83178,99,REF480105,CHANNELVIEW,8280 SHELDON ROAD,CHANNELVIEW,TX,77049,NOT AVAILABLE,(713) 309-7894,ALKYLATION UNIT,IN SERVICE,558,HARRIS,48201,USA,29.83178,-95.11971,324110,PETROLEUM REFINERIES,"EIA-820; EPA ENVIROFACTS",2017/01/01 00:00:00+00,IMAGERY/OTHER,2018/01/31 00:00:00+00,http://www.lyondellbasell.com,ACCESS INDUSTRIES,EQUISTAR CHEMICALS LP,1000027421,100000146736,WITHIN 166 FEET,0,141,0,0,0,0,0,0,0,0,22000,0,0,0,0,0,0,0,0,0
-92.07186,46.6913500000001,100,REF550106,SUPERIOR,2407 STINSON AVENUE,SUPERIOR,WI,54880,NOT AVAILABLE,(715) 398-8453,SMALL TO MEDIUM LUBRICANTS REFINERY,IN SERVICE,155,DOUGLAS,55031,USA,46.69135,-92.07186,324110,PETROLEUM REFINERIES,"EIA-820; EPA TRI",2017/01/01 00:00:00+00,IMAGERY/OTHER,2018/01/31 00:00:00+00,http://www.calumetspecialty.com,HUSKY ENERGY INC,CALUMET LUBRICANTS CO LP,1000027439,100000141401,WITHIN 166 FEET,38000,105,38000,20500,0,0,10780,7800,0,32700,1600,0,6000,0,0,0,0,0,34,7900
-104.94767,39.8036500000001,101,REF080107,COMMERCE CITY WEST,5801 BRIGHTON BLVD,COMMERCE CITY,CO,80022,NOT AVAILABLE,(303) 286-5788,MEDIUM COMPLEX REFINERY,IN SERVICE,125,ADAMS,08001,USA,39.80365,-104.94767,324110,PETROLEUM REFINERIES,"EIA-820; EPA TRI",2017/01/01 00:00:00+00,IMAGERY/OTHER,2018/01/31 00:00:00+00,http://www.suncor.com,SUNCOR ENERGY INC,SUNCOR ENERGY (USA) INC,1000027666,100000051971,WITHIN 166 FEET,67000,89,67000,25000,0,0,20000,10000,0,74000,0,0,0,0,0,0,22,0,114,12250
-87.7179199999999,38.9981300000001,102,REF170108,ROBINSON,400 S MARATHON AVE,ROBINSON,IL,62454,NOT AVAILABLE,(618) 544-2121,LARGE VERY COMPLEX REFINERY,IN SERVICE,690,CRAWFORD,17033,USA,38.99813,-87.71792,324110,PETROLEUM REFINERIES,"EIA-820; EPA TRI",2020/06/18 00:00:00+00,IMAGERY/OTHER,2020/06/19 00:00:00+00,https://www.marathonpetroleum.com,MARATHON PETROLEUM CORP,MARATHON PETROLEUM CO LP,1000027696,100000132509,WITHIN 166 FEET,231000,27,231000,71500,28500,0,51800,76500,39400,189000,13000,0,3300,16000,0,0,0,7500,202,0
-97.67337,38.3440400000001,103,REF200109,MCPHERSON,2000 S. MAIN ST,MCPHERSON,KS,67460,1404,(620) 241-2340,SMALL COMPLEX REFINERY,IN SERVICE,465,MCPHERSON,20113,USA,38.34404,-97.67337,324110,PETROLEUM REFINERIES,"EIA-820; EPA TRI",2017/01/01 00:00:00+00,IMAGERY/OTHER,2018/01/31 00:00:00+00,http://www.ncra.coop,CHS INC,CHS MCPHERSON REFINERY INC,1000028118,100000118428,WITHIN 166 FEET,96000,66,96000,38000,23600,0,23200,22700,36400,81200,9500,0,0,19600,0,0,42,7364,280,0
-122.0639,38.0251000000001,104,REF060110,MARTINEZ,150 SOLANO WAY,MARTINEZ,CA,94553,1487,(925) 372-3093,VERY COMPLEX REFINERY,IN SERVICE,740,CONTRA COSTA,06013,USA,38.0251,-122.0639,324110,PETROLEUM REFINERIES,"EIA-820; EPA TRI",2020/06/18 00:00:00+00,IMAGERY/OTHER,2020/06/18 00:00:00+00,https://www.marathonpetroleum.com,MARATHON PETROLEUM CORP,MARATHON PETROLEUM CO LP,1000028601,100000145194,WITHIN 166 FEET,166000,43,166000,156900,50000,0,71000,23900,35900,199000,15400,0,0,0,0,0,82,15000,200,0
-101.41632,32.27045,105,REF480111,BIG SPRING,INTERSECTION OF IH 20 AND REFINERY ROAD,BIG SPRING,TX,79720,NOT AVAILABLE,(432) 263-9354,SMALL MEDIUM COMPLEXITY REFINERY,IN SERVICE,191,HOWARD,48227,USA,32.27045,-101.41632,324110,PETROLEUM REFINERIES,"EIA-820; EPA TRI",2017/01/01 00:00:00+00,IMAGERY/OTHER,2018/01/31 00:00:00+00,http://www.alonusa.com,ALON ISRAEL OIL COMPANY LTD,ALON USA ENERGY INC,1000028824,100000112781,WITHIN 166 FEET,73000,84,73000,24000,0,0,23000,20500,0,60000,5000,0,1000,0,0,0,0,0,150,7600
-96.87283,37.79594,106,REF200112,EL DORADO,1401 S DOUGLAS ROAD,EL DORADO,KS,67042,3698,(316) 321-8263,MEDIUM SIZED COMPLEX REFINERY,IN SERVICE,442,BUTLER,20015,USA,37.79594,-96.87283,324110,PETROLEUM REFINERIES,"EIA-820; EPA TRI",2017/01/01 00:00:00+00,IMAGERY/OTHER,2018/01/31 00:00:00+00,http://www.hollyfrontier.com,HOLLYFRONTIER CORP,HOLLYFRONTIER EL DORADO REFINING LLC,1000029027,100000106164,WITHIN 166 FEET,150000,50,150000,64000,18500,0,42000,30000,0,189500,14000,0,0,18000,0,0,56,7000,315,4000
-100.88122,46.85078,107,REF380113,MANDAN,900 OLD RED TRAIL NE,MANDAN,ND,58554,NOT AVAILABLE,(701) 667-2405,SMALL MEDIUM COMPLEXITY REFINERY THAT PROCESSES LIGHT SWEET CRUDE OIL,IN SERVICE,290,MORTON,38059,USA,46.85078,-100.88122,324110,PETROLEUM REFINERIES,"EIA-820; EPA TRI",2020/06/18 00:00:00+00,IMAGERY/OTHER,2020/06/19 00:00:00+00,https://www.marathonpetroleum.com,MARATHON PETROLEUM CORP,MARATHON PETROLEUM CO LP,1000029038,100000125296,WITHIN 166 FEET,74000,83,73800,0,0,0,28960,11900,0,44060,4830,0,0,0,0,0,0,0,17,0
-119.07206,35.3795000000001,108,REF060114,BAKERSFIELD,6451 ROSEDALE HIGHWAY,BAKERSFIELD,CA,93308,NOT AVAILABLE,(661) 326-4422,MEDIUM SIZED FUELS REFINERY,IN SERVICE,94,KERN,06029,USA,35.3795,-119.07206,324110,PETROLEUM REFINERIES,"EIA-820; EPA RMP",2017/01/01 00:00:00+00,IMAGERY/OTHER,2018/01/31 00:00:00+00,http://bakersfieldrefinery.com,ALON ISRAEL OIL COMPANY LTD,ALON BAKERSFIELD OPERATING INC,1000029137,100000147815,WITHIN 166 FEET,0,138,0,0,0,0,0,7600,14250,29000,0,0,0,1300,0,0,23,0,70,0
-82.59843,38.3758700000001,109,REF210115,CATLETTSBURG,11631 US RTE 23,CATLETTSBURG,KY,41129,NOT AVAILABLE,(606) 921-6504,LARGE MEDIUM COMPLEXITY REFINERY,IN SERVICE,740,BOYD,21019,USA,38.37587,-82.59843,324110,PETROLEUM REFINERIES,"EIA-820; EPA TRI",2017/01/01 00:00:00+00,IMAGERY/OTHER,2018/01/31 00:00:00+00,https://www.marathonpetroleum.com,MARATHON PETROLEUM CORP,MARATHON PETROLEUM CO LP,1000029541,100000084375,WITHIN 166 FEET,273000,17,273000,130000,0,0,98800,51300,0,271000,21000,0,3200,17000,0,0,0,0,448,35400
-90.0739799999999,38.8382700000001,110,REF170116,WOOD RIVER,900 S CENTRAL AVENUE,ROXANA,IL,62084,NOT AVAILABLE,(618) 255-3001,VERY LARGE COMPLEX REFINERY,IN SERVICE,840,MADISON,17119,USA,38.83827,-90.07398,324110,PETROLEUM REFINERIES,"EIA-820; EPA TRI",2017/01/01 00:00:00+00,IMAGERY/OTHER,2018/01/31 00:00:00+00,http://www.phillips66.com,WRB REFINING LP (PHILLIPS66/CENOVUS),PHILLIPS 66 COMPANY,1000029800,100000075884,WITHIN 166 FEET,336000,10,314000,196500,75000,0,91000,72000,49000,267850,21800,0,4500,0,0,0,190,27900,1008,23000
-87.48195,41.6625100000001,111,REF180117,WHITING,2815 INDIANAPOLIS BLVD,WHITING,IN,46394,NOT AVAILABLE,(219) 473-3112,VERY LARGE COMPLEX REFINERY,IN SERVICE,1849,LAKE,18089,USA,41.66251,-87.48195,324110,PETROLEUM REFINERIES,"EIA-820; EPA TRI",2017/01/01 00:00:00+00,IMAGERY/OTHER,2018/01/31 00:00:00+00,https://www.bp.com,BP PLC,BP PRODUCTS NORTH AMERICA INC,1000030079,100000101105,WITHIN 166 FEET,413500,7,413500,263900,87400,0,168900,62000,0,439800,31000,0,16800,26400,0,0,0,30000,1904,30000
-83.1562299999999,42.28189,113,REF260119,DETROIT,1300 SOUTH FORT STREET,DETROIT,MI,48217,NOT AVAILABLE,(313) 551-7902,MEDIUM SIZED MEDIUM COMPLEXITY REFINERY,IN SERVICE,535,WAYNE,26163,USA,42.28189,-83.15623,324110,PETROLEUM REFINERIES,"EIA-820; EPA TRI",2017/01/01 00:00:00+00,IMAGERY/OTHER,2018/01/31 00:00:00+00,https://www.marathonpetroleum.com,MARATHON PETROLEUM CORP,MARATHON PETROLEUM CO LP,1000030782,100000110319,WITHIN 166 FEET,132000,55,132000,77900,31800,0,38000,20400,0,130500,7000,0,0,0,0,0,0,11800,459,24000
-90.08235,35.0850800000001,114,REF470120,MEMPHIS,543 WEST MALLORY AVE,MEMPHIS,TN,38106,NOT AVAILABLE,(901) 947-8360,LARGE MEDIUM COMPLEXITY REFINERY THAT PROCESSES LIGHT SWEET CRUDE,IN SERVICE,306,SHELBY,47157,USA,35.08508,-90.08235,324110,PETROLEUM REFINERIES,"EIA-820; EPA TRI",2017/01/01 00:00:00+00,IMAGERY/OTHER,2018/01/31 00:00:00+00,http://www.valero.com,VALERO ENERGY CORP,PREMCOR REFINING GROUP INC,1000030830,100000158107,WITHIN 166 FEET,190000,39,190000,0,0,0,68000,35300,26000,129000,12700,0,29000,0,0,0,30,0,116,0
-90.89591,30.11148,115,REF220121,CONVENT,0.7 MILES NORTHEAST OF INTERSECTION OF HWY 70 AND HWY 44,CONVENT,LA,70723,NOT AVAILABLE,(225) 562-6272,LARGE COMPLEX REFINERY,IN SERVICE,590,ST. JAMES,22093,USA,30.11148,-90.89591,324110,PETROLEUM REFINERIES,"EIA-820; EPA TRI",2020/06/19 00:00:00+00,IMAGERY/OTHER,2020/06/19 00:00:00+00,https://www.shell.us,ROYAL DUTCH SHELL,SHELL OIL PRODUCTS US (REFINING),1000031463,100000002230,WITHIN 166 FEET,227586,28,227586,116300,0,0,33945,38071,41107,254300,16700,0,0,16000,0,0,0,0,728,0
-95.60567846,37.050829192,116,REF200122,COFFEYVILLE,400 N LINDEN STREET,COFFEYVILLE,KS,67337,NOT AVAILABLE,(620) 251-4000,MEDIUM SIZED COMPLEX REFINERY,IN SERVICE,369,MONTGOMERY,20125,USA,37.050829192,-95.60567846,324110,PETROLEUM REFINERIES,"EIA-820; EPA TRI",2017/01/01 00:00:00+00,IMAGERY/OTHER,2018/01/31 00:00:00+00,http://www.cvrrefining.com,CVR ENERGY,COFFEYVILLE RESOURCES RFG & MKTG,1000031576,100000146175,WITHIN 166 FEET,115000,60,115000,46000,22500,0,33900,24000,0,124000,10000,0,0,0,0,0,22,8700,229,0
-75.40365,39.8221300000001,117,REF420123,TRAINER,4101 POST ROAD,TRAINER,PA,19061,NOT AVAILABLE,(610) 364-8399,MEDIUM SIZED MEDIUM COMPLEXITY REFINERY PRODUCES HIGH QUALITY TRANSPORTATION FUELS,IN SERVICE,304,DELAWARE,42045,USA,39.82213,-75.40365,324110,PETROLEUM REFINERIES,"EIA-820; EPA TRI",2017/01/01 00:00:00+00,IMAGERY/OTHER,2018/01/31 00:00:00+00,http://www.monroe-energy.com,DELTA AIR LINES INC,MONROE ENERGY LLC,1000032186,100000130244,WITHIN 166 FEET,190000,38,190000,73000,0,0,51500,45000,21500,167300,12000,0,0,0,0,0,0,0,90,0
-106.24224,42.8611000000001,118,REF560124,EVANSVILLE,5700 EAST HIGHWAY 20-26,EVANSVILLE,WY,82636,NOT AVAILABLE,(307) 265-2800,SMALL MEDIUM COMPLEXITY REFINERY,IN SERVICE,112,NATRONA,56025,USA,42.8611,-106.24224,324110,PETROLEUM REFINERIES,"EIA-820; EPA TRI",2017/01/01 00:00:00+00,IMAGERY/OTHER,2018/01/31 00:00:00+00,https://www.sinclairoil.com,SINCLAIR OIL CORP,LITTLE AMERICA REFINING CO,1000032646,100000144943,WITHIN 166 FEET,24500,115,24500,0,0,0,8900,4000,0,24500,0,0,0,0,0,0,0,0,10,0
-118.23507,33.7788400000001,119,REF060125,WILMINGTON,2402 EAST ANAHEIM,WILMINGTON,CA,90744,NOT AVAILABLE,(562) 491-6877,MEDIUM SIZED COMPLEX REFINERY,IN SERVICE,425,LOS ANGELES,06037,USA,33.77884,-118.23507,324110,PETROLEUM REFINERIES,EIA-820,2017/01/01 00:00:00+00,IMAGERY/OTHER,2018/01/31 00:00:00+00,http://www.valero.com,VALERO ENERGY CORP,VALERO REFINING CO CALIFORNIA,1000032678,100000080636,WITHIN 166 FEET,85000,74,85000,46000,27700,0,52200,17400,0,144000,22000,0,0,0,0,0,0,10000,280,0
-94.92688,29.37217,120,REF480126,GALVESTON BAY,2800 FM 519 EAST,TEXAS CITY,TX,77590,NOT AVAILABLE,(409) 945-1970,VERY LARGE COMPLEX REFINERY,IN SERVICE,1790,GALVESTON,48167,USA,29.37217,-94.92688,324110,PETROLEUM REFINERIES,"EIA-820; EPA TRI",2020/06/18 00:00:00+00,IMAGERY/OTHER,2020/06/22 00:00:00+00,https://www.marathonpetroleum.com/,MARATHON PETROLEUM CORP,MARATHON PETROLEUM CO LP,1000032688,100000092035,WITHIN 166 FEET,459000,5,459000,237000,29800,0,130200,124300,144900,417000,41000,0,36500,0,0,0,0,11900,1452,0
-108.76851,45.6583200000001,121,REF300127,LAUREL,803 HWY 212 SOUTH,LAUREL,MT,59044,0909,(406) 628-5220,MEDIUM SIZED MEDIUM COMPLEXITY REFINERY,IN SERVICE,267,YELLOWSTONE,30111,USA,45.65832,-108.76851,324110,PETROLEUM REFINERIES,"EIA-820; EPA TRI",2017/01/01 00:00:00+00,IMAGERY/OTHER,2018/01/31 00:00:00+00,http://www.chsinc.com,CHS INC,CENEX HARVEST STATES COOP,1000032978,100000143285,WITHIN 166 FEET,59600,94,59600,29000,14000,0,15000,11700,0,62000,4000,0,0,2500,0,0,33,4100,243,19800
-122.73373,48.8842300000001,122,REF530129,CHERRY POINT (FERNDALE),4519 GRANDVIEW ROAD,BLAINE,WA,98230,NOT AVAILABLE,(360) 371-1500,LARGE COMPLEX REFINERY,IN SERVICE,820,WHATCOM,53073,USA,48.88423,-122.73373,324110,PETROLEUM REFINERIES,"EIA-820; EPA TRI",2017/01/01 00:00:00+00,IMAGERY/OTHER,2018/01/31 00:00:00+00,http://www.bp.com,BP PLC,BP WEST COAST PRODUCTS LLC,1000033756,100000048307,WITHIN 166 FEET,227000,29,227000,112000,55000,0,0,58500,58400,149000,0,0,0,24000,0,0,137,15250,284,0
-108.43355,45.8142700000001,123,REF300130,BILLINGS,700 EXXONMOBIL ROAD,BILLINGS,MT,59101,NOT AVAILABLE,(406) 657-5267,SMALL COMPLEX REFINERY CAPABLE OF PROCESSING HEAVY & SOUR CRUDE,IN SERVICE,260,YELLOWSTONE,30111,USA,45.81427,-108.43355,324110,PETROLEUM REFINERIES,"EIA-820; EPA TRI",2017/01/01 00:00:00+00,IMAGERY/OTHER,2018/01/31 00:00:00+00,http://corporate.exxonmobil.com,EXXON MOBIL CORP,EXXONMOBIL REFINING & SUPPLY CO,1000034218,100000093533,WITHIN 166 FEET,61500,92,61500,32300,9500,0,22830,12000,5500,60900,5100,0,0,0,0,0,23,4000,0,14500
-97.44167,27.8112,124,REF480131,BILL GREEHEY (CORPUS CHRISTI WEST AND EAST PLANTS),1300 CANTWELL BLVD,CORPUS CHRISTI,TX,78407,NOT AVAILABLE,(361) 289-6000,VERY LARGE COMPLEX REFINERY,IN SERVICE,800,NUECES,48355,USA,27.8112,-97.44167,324110,PETROLEUM REFINERIES,"EIA-820; EPA TRI",2017/01/01 00:00:00+00,IMAGERY/OTHER,2018/01/31 00:00:00+00,https://www.valero.com,VALERO ENERGY CORP,VALERO REFINING CO TEXAS LP,1000034257,100000079504,WITHIN 166 FEET,293000,15,293000,97000,16500,0,93500,48423,49500,302250,21300,0,15500,46000,0,0,275,6270,1288,38000
-147.34401,64.73242,125,REF020133,NORTH POLE,1200 H AND H LN,NORTH POLE,AK,99705,NOT AVAILABLE,(907) 339-6635,SMALL TOPPING REFINERY,IN SERVICE,-999,FAIRBANKS NORTH STAR,02090,USA,64.73242,-147.34401,324110,PETROLEUM REFINERIES,"EIA-820; EPA TRI",2017/01/01 00:00:00+00,IMAGERY/OTHER,2018/01/31 00:00:00+00,http://www.petrostar.com,ARCTIC SLOPE REGIONAL CORP,PETRO STAR INC,1000059637,100000233348,WITHIN 166 FEET,19700,119,19700,0,0,0,0,0,0,0,0,0,0,0,0,0,0,0,0,3000
-97.78658,29.26145,126,REF480134,NIXON,11372 US HWY 87 E,NIXON,TX,78160,NOT AVAILABLE,(713) 568-4725,VERY SMALL SIMPLE REFINERY,IN SERVICE,-999,WILSON,48493,USA,29.26145,-97.78658,324110,PETROLEUM REFINERIES,"EIA-820; EPA ENVIROFACTS",2017/01/01 00:00:00+00,IMAGERY/OTHER,2018/01/31 00:00:00+00,http://www.blue-dolphin-energy.com,BLUE DOLPHIN ENERGY CO,LAZARUS ENERGY LLC,NOT AVAILABLE,NOT AVAILABLE,WITHIN 166 FEET,13765,124,13765,0,0,0,0,0,0,0,0,0,0,0,0,0,0,0,0,0
-148.34731,70.25498,127,REF020135,PRUDHOE BAY,NOT AVAILABLE,PRUDHOE BAY,AK,99734,NOT AVAILABLE,(907) 659-3101,OIL FIELD TOPPING UNIT,IN SERVICE,-999,NORTH SLOPE (B),02185,USA,70.25498,-148.34731,324110,PETROLEUM REFINERIES,"EIA-820; EPA TRI",2017/01/01 00:00:00+00,IMAGERY/OTHER,2018/01/31 00:00:00+00,https://www.bp.com,BP PLC,BP EXPLORATION ALASKA INC,1000039291,100000212003,WITHIN 166 FEET,6500,132,6500,0,0,0,0,0,0,0,0,0,0,0,0,0,0,0,0,0
-93.51259,32.5909100000001,128,REF220137,PRINCETON,10234 HWY 157,PRINCETON,LA,71067,9172,(318) 949-8704,SMALL SIMPLE REFINERY,IN SERVICE,-999,BOSSIER,22015,USA,32.59091,-93.51259,324110,PETROLEUM REFINERIES,"EIA-820; EPA TRI",2017/01/01 00:00:00+00,IMAGERY/OTHER,2018/01/31 00:00:00+00,http://www.calumetspecialty.com,"CALUMET SPECIALTY PRODUCTS PARTNERS, L.P.",CALUMET LUBRICANTS CO LP,NOT AVAILABLE,NOT AVAILABLE,WITHIN 166 FEET,8300,130,8300,7000,0,0,0,0,0,0,0,0,0,0,7000,0,4,0,3,2000
-149.6059,70.3253900000001,129,REF020138,PRUDHOE BAY,NOT AVAILABLE,KUPARUK,AK,99734,NOT AVAILABLE,(907) 659-3101,OIL FIELD TOPPING UNIT,IN SERVICE,-999,NORTH SLOPE (B),02185,USA,70.32539,-149.6059,324110,PETROLEUM REFINERIES,"EIA-820; EPA TRI",2017/01/01 00:00:00+00,IMAGERY/OTHER,2018/01/31 00:00:00+00,http://www.conocophillips.com,CONOCOPHILLIPS,CONOCOPHILLIPS ALASKA INC,NOT AVAILABLE,NOT AVAILABLE,WITHIN 166 FEET,15000,123,15000,0,0,0,0,0,0,0,0,0,0,0,0,0,0,0,0,0
-115.61858,38.6222000000001,130,REF320139,ELY,HC 34 BOX 34830 AND 65 MILES SW OF ELY ON HWY 6,ELY,NV,89049,NOT AVAILABLE,(801) 296-8211,VERY SMALL REFINERY,IN SERVICE,-999,NYE,32023,USA,38.6222,-115.61858,324110,PETROLEUM REFINERIES,"EIA-820; EPA TRI",2017/01/01 00:00:00+00,IMAGERY/OTHER,2018/01/31 00:00:00+00,NOT AVAILABLE,FORELAND REFINING CORP,FORELAND REFINING CORP,NOT AVAILABLE,NOT AVAILABLE,WITHIN 166 FEET,2000,137,2000,2750,0,0,0,0,0,0,0,0,0,0,0,0,0,0,0,1600
-87.4394,31.1813700000001,131,REF010141,ATMORE,4745 ROSS ROAD,ATMORE,AL,36502,NOT AVAILABLE,(251) 294-5660,VERY SMALL TOPPING REFINERY,IN SERVICE,-999,ESCAMBIA,01053,USA,31.18137,-87.4394,324110,PETROLEUM REFINERIES,EIA-820,2017/01/01 00:00:00+00,IMAGERY/OTHER,2018/01/31 00:00:00+00,http://www.goodwayrefining.com,GOODWAY REFINING LLC,GOODWAY REFINING LLC,1000053238,100000211852,WITHIN 166 FEET,4100,135,4100,0,0,0,0,0,0,0,0,0,0,0,0,0,0,0,0,0
-120.51069,34.9303200000001,132,REF060142,SANTA MARIA ASPHALT REFINERY,1700 SINTON ROAD,SANTA MARIA,CA,93458,9708,(805) 347-8700,LARGE REFINERY,IN SERVICE,126,SANTA BARBARA,06083,USA,34.93032,-120.51069,324110,PETROLEUM REFINERIES,"EIA-820; EPA ENVIROFACTS",2017/01/01 00:00:00+00,IMAGERY/OTHER,2018/01/31 00:00:00+00,http://www.greka.com,GREKA ENERGY,SANTA MARIA REFINING COMPANY,NOT AVAILABLE,110000481817,WITHIN 166 FEET,9500,128,9500,10000,0,0,0,0,0,0,0,0,0,0,0,0,0,0,0,6000
-75.2256,39.8461500000001,133,REF340143,PAULSBORO,4 PARADISE ROAD,PAULSBORO,NJ,08086,NOT AVAILABLE,(856) 224-7405,SPECIALIST ASPHALT REFINERY,CLOSED,80,GLOUCESTER,34015,USA,39.84615,-75.2256,324110,PETROLEUM REFINERIES,"EIA-820; EPA TRI",2017/01/01 00:00:00+00,IMAGERY/OTHER,2018/01/31 00:00:00+00,http://axeonsp.com/,LINDSAY GOLDBERG LLC,AXEON SPECIALTY PRODUCTS LLC,NOT AVAILABLE,NOT AVAILABLE,WITHIN 166 FEET,74000,82,0,32000,0,0,0,0,0,0,0,0,0,0,0,0,0,0,0,49000
-119.04671,35.3972400000001,134,REF060145,BAKERSFIELD,3542 SHELL ST,BAKERSFIELD,CA,93308,NOT AVAILABLE,(661) 852-2504,SMALL REFINERY,IN SERVICE,-999,KERN,06029,USA,35.39724,-119.04671,324110,PETROLEUM REFINERIES,"EIA-820; EPA TRI",2017/01/01 00:00:00+00,IMAGERY/OTHER,2018/01/31 00:00:00+00,http://www.sjr.com,SAN JOAQUIN REFINING CO INC,SAN JOAQUIN REFINING CO INC,NOT AVAILABLE,NOT AVAILABLE,WITHIN 1 MILE,15000,121,15000,14300,0,5000,0,0,0,5400,0,0,1500,0,5800,0,4,0,6,8000
-118.23925,33.7976,135,REF060146,WILMINGTON ASPHALT PLANT,1651 S ALAMEDA STREET,WILMINGTON,CA,90744,NOT AVAILABLE,(562) 491-6890,SMALL ASPHALT REFINERY,IN SERVICE,-999,LOS ANGELES,06037,USA,33.7976,-118.23925,324110,PETROLEUM REFINERIES,"EIA-820; EPA TRI",2017/01/01 00:00:00+00,IMAGERY/OTHER,2018/01/31 00:00:00+00,https://www.valero.com/en-us,VALERO ENERGY CORP,VALERO REFINING CO CALIFORNIA,NOT AVAILABLE,NOT AVAILABLE,WITHIN 166 FEET,6300,133,6300,5000,0,0,0,0,0,0,0,0,0,0,0,0,0,0,0,3500
-122.98734,49.2933600000001,136,REFBC0147,BURNABY,5201 PENZANCE DRIVE AND 355 N WILLINGDON AVENUE,BURNABY,BC,V5C 1X4,NOT AVAILABLE,(604) 299-8580,MEDIUM SIZED MEDIUM COMPLEXITY REFINERY,IN SERVICE,250,NOT AVAILABLE,NOT APPLICABLE,CAN,49.29336,-122.98734,324110,PETROLEUM REFINERIES,CAPP,2017/01/01 00:00:00+00,IMAGERY/OTHER,2018/01/31 00:00:00+00,http://www.parkland.ca/en/,PARKLAND FUEL CORPORATION,PARKLAND FUEL CORPORATION,NOT APPLICABLE,NOT APPLICABLE,WITHIN 166 FEET,55000,-999,54721,11951,-999,0,17611,9749,0,45287,2830,0,-999,9749,0,0,-999,0,107,2201
-104.57294,50.4860200000001,137,REFSK0148,REGINA (CO-OP REFINERY COMPLEX),9 AVENUE N AND MCDONALD STREET,REGINA,SK,S4P 3A1,NOT AVAILABLE,(306) 721-5353,SMALL TOPPING REFINERY,IN SERVICE,800,NOT AVAILABLE,NOT APPLICABLE,CAN,50.48602,-104.57294,324110,PETROLEUM REFINERIES,CAPP,2017/01/01 00:00:00+00,IMAGERY/OTHER,2018/01/31 00:00:00+00,http://www.ccrl-fcl.ca,FEDERATED CO-OPERATIVES LIMITED (FCL),FCL CO-OP REFINERY COMPLEX,NOT APPLICABLE,NOT APPLICABLE,WITHIN 166 FEET,135000,-999,135231,37739,-999,8994,47803,9749,59124,69817,0,8806,-999,3994,0,0,-999,2422,2642,4403
-71.1931299999999,46.7588200000001,138,REFQC0149,JEAN GAULIN,165 CHEMIN DES ILES,LEVIS,QC,G6W 0S5,NOT AVAILABLE,(418) 837-3641,LARGE COMPLEX REFINERY,IN SERVICE,500,NOT AVAILABLE,NOT APPLICABLE,CAN,46.75882,-71.19313,324110,PETROLEUM REFINERIES,CAPP,2017/01/01 00:00:00+00,IMAGERY/OTHER,2018/01/31 00:00:00+00,http://www.valero.com,VALERO ENERGY CORPORATION,VALERO ENERGY INC,NOT APPLICABLE,NOT APPLICABLE,WITHIN 166 FEET,265000,-999,264990,48985,-999,0,69999,19002,0,251989,7667,0,-999,29097,0,0,-999,0,503,0
-82.41765,42.9516800000001,139,REFON0150,SARNIA,602 CHRISTINA STREET SOUTH,SARNIA,ON,N7T 5W3,NOT AVAILABLE,(519) 339-4015,MEDIUM TO LARGE COMPLEX REFINERY,IN SERVICE,392,NOT AVAILABLE,NOT APPLICABLE,CAN,42.95168,-82.41765,324110,PETROLEUM REFINERIES,CAPP,2017/01/01 00:00:00+00,IMAGERY/OTHER,2018/01/31 00:00:00+00,http://www.imperialoil.ca,IMPERIAL OIL,IMPERIAL OIL LTD,NOT APPLICABLE,NOT APPLICABLE,WITHIN 166 FEET,121000,-999,118997,31499,-999,25499,30499,37500,19498,88995,0,0,-999,0,0,0,-999,5346,1371,0
-66.0092,45.28335,140,REFNB0151,SAINT JOHN,340 LOCH LOMOND ROAD,SAINT JOHN,NB,E2J 3Z6,NOT AVAILABLE,(506) 202-4768,LARGE COMPLEX REFINERY,IN SERVICE,1400,NOT AVAILABLE,NOT APPLICABLE,CAN,45.28335,-66.0092,324110,PETROLEUM REFINERIES,CAPP,2017/01/01 00:00:00+00,IMAGERY/OTHER,2018/01/31 00:00:00+00,https://www.irvingoilcommercial.com,IRVING OIL,IRVING OIL,NOT APPLICABLE,NOT APPLICABLE,WITHIN 166 FEET,300000,-999,298766,109204,-999,19989,94957,38481,44978,154931,13995,0,-999,9995,0,0,-999,0,1591,0
-80.0477999999999,42.83385,141,REFON0152,NANTICOKE,225 CONCESSION 2 WALPOLE ROAD,NANTICOKE,ON,N0A 1L0,NOT AVAILABLE,(519) 339-4015,MEDIUM TO LARGE COMPLEX REFINERY,IN SERVICE,287,NOT AVAILABLE,NOT APPLICABLE,CAN,42.83385,-80.0478,324110,PETROLEUM REFINERIES,CAPP,2017/01/01 00:00:00+00,IMAGERY/OTHER,2018/01/31 00:00:00+00,http://www.imperialoil.ca,IMPERIAL OIL,IMPERIAL OIL LTD,NOT APPLICABLE,NOT APPLICABLE,WITHIN 166 FEET,112000,-999,113500,47998,-999,0,48501,33500,0,98995,12001,0,-999,0,0,0,-999,0,629,10001
-92.71255,33.36335,142,REF050154,SMACKOVER,484 E 6TH STREET,SMACKOVER,AR,71762,NOT AVAILABLE,(870) 866-1508,VERY SMALL SIMPLE REFINERY,IN SERVICE,-999,UNION,05139,USA,33.36335,-92.71255,324110,PETROLEUM REFINERIES,"EIA-820; EPA TRI",2017/01/01 00:00:00+00,IMAGERY/OTHER,2018/01/31 00:00:00+00,http://www.themartincompanies.com,MARTIN RESOURCE MANAGEMENT GRP,CROSS OIL REFINING & MARKETING INC,1000050639,100000230038,WITHIN 166 FEET,7500,131,7500,3850,0,0,0,0,0,5500,0,0,0,0,5500,0,3,0,0,1000
-99.94061,25.5877,143,REFNL0155,CADEREYTA (ING. HECTOR R LARA SOSA),KM 36 AUTOPISTA REYNOSA-MONTERREY,CADEREYTA JIMENEZ,NL,NOT AVAILABLE,NOT AVAILABLE,(828) 269-0100,LARGE COMPLEX REFINERY,IN SERVICE,500,NOT AVAILABLE,NOT APPLICABLE,MEX,25.5877,-99.94061,324110,PETROLEUM REFINERIES,"EIA INTERNATIONAL; A BARREL FULL; HART ENERGY",2017/01/01 00:00:00+00,IMAGERY/OTHER,2018/01/31 00:00:00+00,http://www.ref.pemex.com,PEMEX,PETROLEOS MEXICANOS (PEMEX),NOT APPLICABLE,NOT APPLICABLE,WITHIN 166 FEET,275000,-999,275000,137000,50000,0,65000,20000,0,86500,5900,0,0,12000,0,80000,60,0,480,20000
-82.4448599999999,42.9066800000001,144,REFON0156,CORUNNA (SARNIA MANUFACTURING CENTRE (SMC)),150 ST. CLAIR PARKWAY,CORUNNA,ON,N0N 1G0,NOT AVAILABLE,(519) 481-1100,MEDIUM COMPLEX REFINERY,IN SERVICE,350,NOT AVAILABLE,NOT APPLICABLE,CAN,42.90668,-82.44486,324110,PETROLEUM REFINERIES,CAPP,2017/01/01 00:00:00+00,IMAGERY/OTHER,2018/01/31 00:00:00+00,http://www.shell.ca,SHELL,SHELL OIL PRODUCTS CANADA,NOT APPLICABLE,NOT APPLICABLE,WITHIN 166 FEET,75000,-999,77000,25801,-999,5202,20498,20901,9800,20599,0,0,-999,0,0,0,-999,0,352,0
-79.6100299999999,43.5017800000001,145,REFON0157,PETRO-CANADA LUBRICANTS (CLARKSON),2310 LAKESHORE ROAD WEST,MISSISSAUGA,ON,L5J 1K2,NOT AVAILABLE,(905) 804-3600,LUBRICANTS PLANT/REFINERY,IN SERVICE,-999,NOT AVAILABLE,NOT APPLICABLE,CAN,43.50178,-79.61003,324110,PETROLEUM REFINERIES,CAPP,2017/01/01 00:00:00+00,IMAGERY/OTHER,2018/01/31 00:00:00+00,http://www.hollyfrontier.com,HOLLYFRONTIER CORP,HOLLYFRONTIER REFINING LLC,NOT APPLICABLE,NOT APPLICABLE,WITHIN 166 FEET,15600,-999,0,0,-999,0,0,8994,11951,0,0,0,-999,0,15599,0,-999,0,75,0
-73.52408,45.64297,146,REFQC0158,MONTREAL,11701 SHERBROOKE STREET EAST,MONTREAL,QC,H1B 1C3,NOT AVAILABLE,(514) 640-8000,MEDIUM COMPLEX REFINERY,IN SERVICE,400,NOT AVAILABLE,NOT APPLICABLE,CAN,45.64297,-73.52408,324110,PETROLEUM REFINERIES,CAPP,2017/01/01 00:00:00+00,IMAGERY/OTHER,2018/01/31 00:00:00+00,http://www.suncor.com,SUNCOR,SUNCOR ENERGY PRODUCTS PARTNERSHIP,NOT APPLICABLE,NOT APPLICABLE,WITHIN 166 FEET,137000,-999,136998,53998,-999,0,31996,36003,22002,121500,4000,899,-999,0,0,0,-999,0,0,30002
-82.43958,42.93098,147,REFON0159,SARNIA,1900 ST. CLAIR PARKWAY,SARNIA,ON,N7T 7H5,NOT AVAILABLE,(519) 337-2301,MEDIUM COMPLEX REFINERY,IN SERVICE,-999,NOT AVAILABLE,NOT APPLICABLE,CAN,42.93098,-82.43958,324110,PETROLEUM REFINERIES,CAPP,2017/01/01 00:00:00+00,IMAGERY/OTHER,2018/01/31 00:00:00+00,http://www.suncor.com,SUNCOR,SUNCOR ENERGY PRODUCTS PARTNERSHIP,NOT APPLICABLE,NOT APPLICABLE,WITHIN 166 FEET,85000,-999,85001,26732,-999,0,16668,22958,32078,102096,5504,0,-999,0,0,0,-999,0,1132,0
-95.218204,29.7376760000001,148,REF480160,GALENA PARK SPLITTER,407 CLINTON DR,GALENA PARK,TX,77547,NOT AVAILABLE,(713) 420-5301,CONDENSATE SPLITTER,IN SERVICE,-999,HARRIS,48201,USA,29.737676,-95.218204,324110,PETROLEUM REFINERIES,"EIA-820; EPA TRI",2017/01/01 00:00:00+00,IMAGERY/OTHER,2018/01/31 00:00:00+00,https://www.kindermorgan.com,KINDER MORGAN ENERGY PTNRS LP,KINDER MORGAN CRUDE & CONDENSATE,1000048337,100000225482,WITHIN 166 FEET,84000,78,84000,0,0,0,0,0,0,0,0,0,0,0,0,0,0,0,0,0
-97.507191,27.8179400000001,149,REF480161,CORPUS CHRISTI,7209 UP RIVER RD,CORPUS CHRISTI,TX,78409,NOT AVAILABLE,(800) 422-2825,CONDENSATE SPLITTER,IN SERVICE,-999,NUECES,48355,USA,27.81794,-97.507191,324110,PETROLEUM REFINERIES,"EIA-820; EPA TRI",2017/01/01 00:00:00+00,IMAGERY/OTHER,2018/01/31 00:00:00+00,http://www.buckeye.com/,BUCKEYE PARTNERS LP,BUCKEYE TEXAS PROCESSING LLC,1000060277,100000227621,WITHIN 166 FEET,46250,100,46250,0,0,0,0,0,0,0,0,0,0,0,0,0,0,0,0,0
-97.4361689999999,27.809312,150,REF480162,CORPUS CHRISTI CONDENSATE SPLITTER,1802 POTH LN/15 COUNTRY CLUB DRIVE,CORPUS CHRISTI,TX,78408,NOT AVAILABLE,(361) 903-1100,CONDENSATE SPLITTER,IN SERVICE,-999,NUECES,48355,USA,27.809312,-97.436169,324110,PETROLEUM REFINERIES,"EIA-820; EPA ENVIROFACTS",2017/01/01 00:00:00+00,IMAGERY/OTHER,2018/01/31 00:00:00+00,https://www.magellanlp.com/,MAGELLAN MIDSTREAM PARTNERS LP,MAGELLAN TERMINAL HOLDINGS LP,1000060844,100000234007,WITHIN 166 FEET,42500,102,0,0,0,0,0,0,0,0,0,0,0,0,0,0,0,0,0,0
-95.122762,29.751112,151,REF480163,HOUSTON,1519 SOUTH SHELDON RD,HOUSTON,TX,77015,NOT AVAILABLE,(281) 695-9000,CRUDE OIL FRACTIONATION,IN SERVICE,-999,HARRIS,48201,USA,29.751112,-95.122762,324110,PETROLEUM REFINERIES,"EIA-820; EPA TRI",2017/01/01 00:00:00+00,IMAGERY/OTHER,2018/01/31 00:00:00+00,http://www.petromaxrefining.com,PETROMAX REFINING CO LLC,PETROMAX REFINING CO LLC,1000050637,100000230083,WITHIN 166 FEET,25000,114,25000,0,0,0,0,0,0,0,0,0,0,0,0,0,0,0,0,0
-102.912698,46.8552980000001,152,REF380164,DICKINSON,3815 116TH AVE SW,DICKINSON,ND,58601,NOT AVAILABLE,(701) 250-1954,SMALL HIGHLY COMPLEX REFINERY,IN SERVICE,90,STARK,38089,USA,46.855298,-102.912698,324110,PETROLEUM REFINERIES,"EIA-820; EPA TRI",2020/06/18 00:00:00+00,IMAGERY/OTHER,2020/06/19 00:00:00+00,https://www.marathonpetroleum.com,MARATHON PETROLEUM CORP,MARATHON PETROLEUM CO LP,1000047699,100000228032,WITHIN 166 FEET,20000,118,19500,0,0,0,0,0,0,8000,0,0,0,0,0,0,2,0,2,0
-93.14512,30.28776,153,REF220001,PELICAN - LAKE CHARLES,4646 LA HWY 3059 (OLD TOWN ROAD),LAKE CHARLES,LA,70615,NOT AVAILABLE,(225) 927-2258,MEDIUM SIZED MEDIUM COMPLEXITY REFINERY,CLOSED,45,CALCASIEU,22019,USA,30.28776,-93.14512,324110,PETROLEUM REFINERIES,"EIA-820; EPA TRI",2016/01/01 00:00:00+00,IMAGERY/OTHER,2016/03/10 00:00:00+00,http://pelican-refinery.com/,PELICAN REFINING COMPANY LLC,PELICAN REFINING COMPANY LLC,11099,100000085221,WITHIN 166 FEET,0,-999,0,12000,0,0,0,0,0,0,0,0,0,0,0,0,0,0,0,6000
-97.49173,27.8173800000001,155,REF480136,TRIGEANT PETROLEUM - CORPUS CHRISTI,6600 UP RIVER ROAD,CORPUS CHRISTI,TX,78409,NOT AVAILABLE,(832) 426-3302,ASPHALT REFINERY,CLOSED,-999,NUECES,48355,USA,27.81738,-97.49173,324110,PETROLEUM REFINERIES,"EIA-820; EPA TRI",2016/01/01 00:00:00+00,IMAGERY/OTHER,2016/03/10 00:00:00+00,http://www.pinoakcorpus.com/,BTB REFINING LLC (GRAVITY),TRIGEANT PETROLEUM LTD,NOT AVAILABLE,NOT AVAILABLE,WITHIN 166 FEET,0,-999,0,29000,0,0,0,0,0,0,0,0,0,0,0,0,0,0,0,16000
-105.26072,43.0196500000001,156,REF560140,ANTELOPE REFINING - DOUGLAS,2070 STATE HIGHWAY 59,DOUGLAS,WY,82633,9724,(307) 358-5711,VERY SMALL SIMPLE REFINERY,CLOSED,-999,CONVERSE,56009,USA,43.01965,-105.26072,324110,PETROLEUM REFINERIES,EIA-820,2016/01/01 00:00:00+00,IMAGERY/OTHER,2016/03/10 00:00:00+00,http://www.genesisenergy.com/,GENESIS ENERGY LP,ANTELOPE REFINING LLC,NOT AVAILABLE,NOT AVAILABLE,WITHIN 166 FEET,3800,-999,3800,3500,0,0,0,0,0,0,0,0,0,0,0,0,0,0,0,0
-120.589539385,35.0387198350001,157,REF060165,SANTA MARIA,2555 WILLOW ROAD,ARROYO GRANDE,CA,93420,5731,(805) 343-1776,SMALL COMPLEX REFINERY,IN SERVICE,140,SAN LUIS OBISPO,06079,USA,35.0387198350001,-120.589539385,324110,PETROLEUM REFINERIES,"EPA-TRI, CALIFORNIA ENERGY COMMISSION",2020/06/02 00:00:00+00,IMAGERY/OTHER,2020/06/22 00:00:00+00,https://www.phillips66.com/,PHILLIPS 66 COMPANY,PHILLIPS 66 COMPANY,1000059994,100000137611,WITHIN 40 FEET,41800,-999,41800,-999,-999,-999,-999,-999,-999,-999,-999,-999,-999,-999,-999,-999,-999,-999,-999,-999
